Ano;Semestre;Nome Mantenedora;Cï¿½digo e-MEC da Mantenedora;CNPJ da mantenedora;Nome da IES;Cï¿½digo e-MEC da IES;Organizaï¿½ï¿½o Acadï¿½mica da IES;UF da IES;Municï¿½pio da IES;Nome do Local de oferta;Cï¿½digo do Local de Oferta;Municï¿½pio do Local de Oferta;UF do Local de Oferta;Nome da Microrregiï¿½o;Cï¿½digo da Microrregiï¿½o;Cï¿½digo da Mesorregiï¿½o;Nome da Mesorregiï¿½o;ï¿½rea do conhecimento;Subï¿½rea do conhecimento;Cï¿½digo do Grupo de Preferï¿½ncia; Nota de Corte Grupo Preferï¿½ncia ;Cï¿½digo do Curso;Nome do Curso;Turno;Grau;Conceito;Vagas autorizadas e-mec;Vagas ofertadas FIES;Vagas alï¿½m da Oferta;Vagas ocupadas; Valor bruto do curso ; 1 Semestre Bruto ; 2 Semestre Bruto ; 3 Semestre Bruto ; 4 Semestre Bruto ; 5 Semestre Bruto ; 6 Semestre Bruto ; 7 Semestre Bruto ; 8 Semestre Bruto ; 9 Semestre Bruto ; 10 Semestre Bruto ; 11 Semestre Bruto ; 12 Semestre Bruto ; Valor do curso para o FIES ;ï¿½ndice de correï¿½ï¿½o - IPCA; 1 Semestre FIES ; 2 Semestre FIES ; 3 Semestre FIES ; 4 Semestre FIES ; 5 Semestre FIES ; 6 Semestre FIES ; 7 Semestre FIES ; 8 Semestre FIES ; 9 Semestre FIES ; 10 Semestre FIES ; 11 Semestre FIES ; 12 Semestre FIES 
2021;1;INSTITUTO LEAO SAMPAIO DE ENSINO UNIVERSITARIO LTDA;1149;02391959000120;CENTRO UNIVERSITÃRIO DOUTOR LEÃ¿O SAMPAIO;1735;Centro Universitï¿½rio;CE;Juazeiro do Norte;UNIDADE SAÃDE;4201;Juazeiro do Norte;CE;Cariri;23032;2307;Sul Cearense;DIVERSAS ï¿½REAS;CIï¿½NCIAS BIOLï¿½GICAS (BEL), BIOMEDICINA, BIOTECNOLOGIA E CURSOS RELACIONADOS;118659; 491.94 ;90434;BIOMEDICINA;NOTURNO;Bacharelado;4;50;20;20;9; 88139.64 ; 9499.38 ; 10863.30 ; 10863.24 ; 10863.24 ; 10863.18 ; 10863.12 ; 12091.26 ; 12232.92 ; -   ; -   ; -   ; -   ; 77721.54 ;250%; 8376.55 ; 9579.26 ; 9579.21 ; 9579.21 ; 9579.15 ; 9579.10 ; 10662.07 ; 10786.99 ; -   ; -   ; -   ; -   
2021;1;UPPRIMORE SISTEMA EDUCACIONAL LTDA;17399;30891927000120;Faculdade Educamais;4995;Faculdade ;SP;Sï¿½o Paulo;UNIDADE SEDE;659982;Sï¿½o Paulo;SP;Sï¿½o Paulo;35061;3515;Metropolitana de Sï¿½o Paulo;DIVERSAS ï¿½REAS;CIï¿½NCIAS SOCIAIS, POLï¿½TICAS, ECONï¿½MICAS E CONTï¿½BEIS, PSICOLOGIA E SECRETARIADO;120993; 590.16 ;115716;CIï¿½NCIAS CONTï¿½BEIS;NOTURNO;Bacharelado;3;160;40;100;0; 39960.00 ; 4500.00 ; 4500.00 ; 4815.00 ; 4815.00 ; 5152.00 ; 5152.00 ; 5513.00 ; 5513.00 ; -   ; -   ; -   ; -   ; 39960.00 ;0%; 4500.00 ; 4500.00 ; 4815.00 ; 4815.00 ; 5152.00 ; 5152.00 ; 5513.00 ; 5513.00 ; -   ; -   ; -   ; -   
2021;1;SOCIEDADE EDUCACIONAL CESAR VIEIRA DINIZ - PETROLINA LTDA;16313;20880868000130;Faculdade do Vale do Sï¿½o Francisco;19674;Faculdade ;PE;Petrolina;CAMPUS PRINCIPAL;1070116;Petrolina;PE;Petrolina;26005;2602;Sï¿½o Francisco Pernambucano;DIVERSAS ï¿½REAS;ADMINISTRAï¿½ï¿½O, ADMINISTRAï¿½ï¿½O Pï¿½BLICA, GESTï¿½O, LOGï¿½STICA, NEGï¿½CIOS E CURSOS RELACIONADOS;118899; 529.46 ;1304648;ADMINISTRAï¿½ï¿½O;NOTURNO;Bacharelado;4;100;40;22;0; 41760.00 ; 5220.00 ; 5220.00 ; 5220.00 ; 5220.00 ; 5220.00 ; 5220.00 ; 5220.00 ; 5220.00 ; -   ; -   ; -   ; -   ; 41760.00 ;100%; 5220.00 ; 5220.00 ; 5220.00 ; 5220.00 ; 5220.00 ; 5220.00 ; 5220.00 ; 5220.00 ; -   ; -   ; -   ; -   
2021;1;IREP SOCIEDADE DE ENSINO SUPERIOR, MEDIO E FUNDAMENTAL LTDA.;545;02608755000107;Faculdade Estï¿½cio de Alagoas - Estï¿½cio FAL;1298;Faculdade ;AL;Maceiï¿½;UNIDADE JATIï¿½CA;1006627;Maceiï¿½;AL;Maceiï¿½;27011;2703;Leste Alagoano;DIVERSAS ï¿½REAS;ADMINISTRAï¿½ï¿½O, ADMINISTRAï¿½ï¿½O Pï¿½BLICA, GESTï¿½O, LOGï¿½STICA, NEGï¿½CIOS E CURSOS RELACIONADOS;119104; 505.96 ;19848;ADMINISTRAï¿½ï¿½O;MATUTINO;Bacharelado;3;50;15;35;0; 32907.44 ; 4113.43 ; 4113.43 ; 4113.43 ; 4113.43 ; 4113.43 ; 4113.43 ; 4113.43 ; 4113.43 ; -   ; -   ; -   ; -   ; 23035.20 ;500%; 2879.40 ; 2879.40 ; 2879.40 ; 2879.40 ; 2879.40 ; 2879.40 ; 2879.40 ; 2879.40 ; -   ; -   ; -   ; -   
2021;1;SERVICOS EDUCACIONAIS DO LITORAL PAULISTA LTDA.;1247;03931429000190;FACULDADE DO LITORAL SUL PAULISTA;1898;Faculdade ;SP;Praia Grande;CANTO DO FORTE;658856;Praia Grande;SP;Santos;35063;3515;Metropolitana de Sï¿½o Paulo;CURSOS DA ï¿½REA DE LICENCIATURA, PEDAGOGIA E NORMAL SUPERIOR;PEDAGOGIA;120964; 549.28 ;101747;PEDAGOGIA;NOTURNO;Licenciatura;4;150;10;0;0; 42000.00 ; 6000.00 ; 6000.00 ; 6000.00 ; 6000.00 ; 6000.00 ; 6000.00 ; 6000.00 ; -   ; -   ; -   ; -   ; -   ; 39900.00 ;100%; 5700.00 ; 5700.00 ; 5700.00 ; 5700.00 ; 5700.00 ; 5700.00 ; 5700.00 ; -   ; -   ; -   ; -   ; -   
2021;1;OPET ORGANIZACAO PARANAENSE DE ENSINO TECNICO LTDA;844;75118406000172;CENTRO UNIVERSITï¿½RIO OPET;5403;Centro Universitï¿½rio;PR;Curitiba;NOVA SEDE: REBOUï¿½AS;1926;Curitiba;PR;Curitiba;41037;4110;Metropolitana de Curitiba;DIVERSAS ï¿½REAS;ADMINISTRAï¿½ï¿½O, ADMINISTRAï¿½ï¿½O Pï¿½BLICA, GESTï¿½O, LOGï¿½STICA, NEGï¿½CIOS E CURSOS RELACIONADOS;121354; 566.22 ;76047;PROCESSOS GERENCIAIS;NOTURNO;Tecnolï¿½gico;4;180;13;0;0; 17407.36 ; 4194.00 ; 4194.00 ; 4509.68 ; 4509.68 ; -   ; -   ; -   ; -   ; -   ; -   ; -   ; -   ; 17407.36 ;100%; 4194.00 ; 4194.00 ; 4509.68 ; 4509.68 ; -   ; -   ; -   ; -   ; -   ; -   ; -   ; -   
2021;1;FACULDADES METROPOLITANAS UNIDAS EDUCACIONAIS LTDA.;262;63063689000113;CENTRO UNIVERSITï¿½RIO DAS FACULDADES METROPOLITANAS UNIDAS;374;Centro Universitï¿½rio;SP;Sï¿½o Paulo;FMU - SANTO AMARO;706435;Sï¿½o Paulo;SP;Sï¿½o Paulo;35061;3515;Metropolitana de Sï¿½o Paulo;CURSOS DA AREA DE SAUDE;SERVIï¿½O SOCIAL, FONOAUDIOLOGIA, TERAPIA OCUPACIONAL E CURSOS RELACIONADOS;120924; 457.42 ;49697;FONOAUDIOLOGIA;MATUTINO;Bacharelado;3;60;13;13;1; 59224.44 ; 7620.00 ; 6728.88 ; 6303.12 ; 6424.38 ; 7471.68 ; 7294.56 ; 8489.04 ; 8892.78 ; -   ; -   ; -   ; -   ; 59224.44 ;200%; 7620.00 ; 6728.88 ; 6303.12 ; 6424.38 ; 7471.68 ; 7294.56 ; 8489.04 ; 8892.78 ; -   ; -   ; -   ; -   
2021;1;IME INSTITUTO METROPOLITANO DE ENSINO LTDA;1416;03817341000142;Centro Universitï¿½rio CEUNI - FAMETRO;2147;Centro Universitï¿½rio;AM;Manaus;UNIDADES 1/2;659007;Manaus;AM;Manaus;13007;1303;Centro Amazonense;CURSOS DA ï¿½REA DE ENGENHARIA E CIï¿½NCIA DA COMPUTAï¿½ï¿½O;ENGENHARIA ELï¿½TRICA, ELETRï¿½NICA, DA COMPUTAï¿½ï¿½O E CURSOS RELACIONADOS;117966; 607.30 ;1458137;ENGENHARIA DE CONTROLE E AUTOMAï¿½ï¿½O;MATUTINO;Bacharelado;Autorizado;100;25;0;0; 72000.00 ; 7200.00 ; 7200.00 ; 7200.00 ; 7200.00 ; 7200.00 ; 7200.00 ; 7200.00 ; 7200.00 ; 7200.00 ; 7200.00 ; -   ; -   ; 39416.69 ;100%; 3300.00 ; 3300.00 ; 3300.00 ; 4216.67 ; 4216.67 ; 4216.67 ; 4216.67 ; 4216.67 ; 4216.67 ; 4216.67 ; -   ; -   
2021;1;IME INSTITUTO METROPOLITANO DE ENSINO LTDA;1416;03817341000142;Centro Universitï¿½rio CEUNI - FAMETRO;2147;Centro Universitï¿½rio;AM;Manaus;UNIDADES 1/2;659007;Manaus;AM;Manaus;13007;1303;Centro Amazonense;DIVERSAS ï¿½REAS;ADMINISTRAï¿½ï¿½O, ADMINISTRAï¿½ï¿½O Pï¿½BLICA, GESTï¿½O, LOGï¿½STICA, NEGï¿½CIOS E CURSOS RELACIONADOS;118005; 544.56 ;1150707;GESTï¿½O DA QUALIDADE;NOTURNO;Tecnolï¿½gico;4;120;48;0;0; 16266.68 ; 4066.67 ; 4066.67 ; 4066.67 ; 4066.67 ; -   ; -   ; -   ; -   ; -   ; -   ; -   ; -   ; 7852.78 ;100%; 1863.89 ; 1863.89 ; 1863.89 ; 2261.11 ; -   ; -   ; -   ; -   ; -   ; -   ; -   ; -   
2021;1;ANHANGUERA EDUCACIONAL PARTICIPACOES S/A;16452;04310392000146;CENTRO UNIVERSITÃRIO ANHANGUERA PITÃGORAS AMPLI;242;Centro Universitï¿½rio;SP;Santo Andrï¿½;CAMPUS  - SANTO ANDRï¿½ - CENTRO;657799;Santo Andrï¿½;SP;Sï¿½o Paulo;35061;3515;Metropolitana de Sï¿½o Paulo;CURSOS DA AREA DE SAUDE;ENFERMAGEM, FISIOTERAPIA, FARMï¿½CIA, NUTRIï¿½ï¿½O E CURSOS RELACIONADOS;120919; 539.98 ;1295984;FARMÃCIA;MATUTINO;Bacharelado;Autorizado;75;18;57;0; 59473.50 ; 7541.76 ; 6792.84 ; 7058.34 ; 5253.60 ; 8018.16 ; 5801.40 ; 6553.20 ; 4151.40 ; 4151.40 ; 4151.40 ; -   ; -   ; 37377.16 ;125%; 4013.46 ; 3804.00 ; 3844.80 ; 2582.82 ; 5673.87 ; 4074.35 ; 4637.21 ; 2915.55 ; 2915.55 ; 2915.55 ; -   ; -   
2021;1;ANHANGUERA EDUCACIONAL PARTICIPACOES S/A;16452;04310392000146;FACULDADE ANHANGUERA DE JOINVILLE;5668;Faculdade ;SC;Joinville;CAMPUS  - JOINVILLE - GLï¿½RIA;660101;Joinville;SC;Joinville;42008;4202;Norte Catarinense;DIVERSAS ï¿½REAS;ADMINISTRAï¿½ï¿½O, ADMINISTRAï¿½ï¿½O Pï¿½BLICA, GESTï¿½O, LOGï¿½STICA, NEGï¿½CIOS E CURSOS RELACIONADOS;121441; 634.12 ;48553;ADMINISTRAï¿½ï¿½O;NOTURNO;Bacharelado;3;315;94;221;0; 70428.78 ; 7584.36 ; 7490.64 ; 9063.06 ; 8439.24 ; 9542.76 ; 9174.00 ; 10251.12 ; 8883.60 ; -   ; -   ; -   ; -   ; 46720.20 ;125%; 4854.00 ; 4794.00 ; 5642.30 ; 4741.38 ; 6752.70 ; 6442.92 ; 7253.96 ; 6238.94 ; -   ; -   ; -   ; -   
2021;1;IREP SOCIEDADE DE ENSINO SUPERIOR, MEDIO E FUNDAMENTAL LTDA.;545;02608755000107;Centro Universitï¿½rio Estï¿½cio de Sï¿½o Paulo;793;Centro Universitï¿½rio;SP;Sï¿½o Paulo;INTERLAGOS;25759;Sï¿½o Paulo;SP;Sï¿½o Paulo;35061;3515;Metropolitana de Sï¿½o Paulo;CURSOS DA ï¿½REA DE LICENCIATURA, PEDAGOGIA E NORMAL SUPERIOR;HISTï¿½RIA (LIC), GEOGRAFIA (LIC), EDUCAï¿½ï¿½O Fï¿½SICA (LIC) E CURSOS RELACIONADOS;120958; 574.98 ;111786;EDUCAï¿½ï¿½O Fï¿½SICA;NOTURNO;Bacharelado;4;80;32;48;0; 38393.12 ; 4799.14 ; 4799.14 ; 4799.14 ; 4799.14 ; 4799.14 ; 4799.14 ; 4799.14 ; 4799.14 ; -   ; -   ; -   ; -   ; 26875.20 ;500%; 3359.40 ; 3359.40 ; 3359.40 ; 3359.40 ; 3359.40 ; 3359.40 ; 3359.40 ; 3359.40 ; -   ; -   ; -   ; -   
2021;1;ANHANGUERA EDUCACIONAL PARTICIPACOES S/A;16452;04310392000146;FACULDADE ANHANGUERA DE JOINVILLE;5668;Faculdade ;SC;Joinville;CAMPUS  - JOINVILLE - GLï¿½RIA;660101;Joinville;SC;Joinville;42008;4202;Norte Catarinense;CURSOS DA ï¿½REA DE ENGENHARIA E CIï¿½NCIA DA COMPUTAï¿½ï¿½O;ENGENHARIA DE PRODUï¿½ï¿½O, DE MATERIAIS E CURSOS RELACIONADOS;121419; 630.28 ;1069693;ENGENHARIA DE PRODUï¿½ï¿½O;NOTURNO;Bacharelado;3;120;36;84;0; 104688.06 ; 7490.64 ; 8428.14 ; 10712.76 ; 8791.20 ; 10914.60 ; 10296.00 ; 11518.44 ; 12203.40 ; 13277.88 ; 11055.00 ; -   ; -   ; 70631.60 ;125%; 4794.00 ; 5394.00 ; 6669.31 ; 4939.11 ; 7723.44 ; 7230.87 ; 8150.72 ; 8570.43 ; 9395.78 ; 7763.94 ; -   ; -   
2021;1;ANHANGUERA EDUCACIONAL PARTICIPACOES S/A;16452;04310392000146;FACULDADE ANHANGUERA DE JOINVILLE;5668;Faculdade ;SC;Joinville;CAMPUS  - JOINVILLE - GLï¿½RIA;660101;Joinville;SC;Joinville;42008;4202;Norte Catarinense;CURSOS DA ï¿½REA DE ENGENHARIA E CIï¿½NCIA DA COMPUTAï¿½ï¿½O;ENGENHARIA ELï¿½TRICA, ELETRï¿½NICA, DA COMPUTAï¿½ï¿½O E CURSOS RELACIONADOS;121423;  ;1303513;ENGENHARIA ELï¿½TRICA;NOTURNO;Bacharelado;3;210;63;147;0; 104239.44 ; 7490.64 ; 8428.14 ; 10712.76 ; 8791.20 ; 10914.60 ; 9781.20 ; 10944.42 ; 12203.40 ; 13277.88 ; 11695.20 ; -   ; -   ; 70313.50 ;125%; 4794.00 ; 5394.00 ; 6669.31 ; 4939.11 ; 7723.44 ; 6869.34 ; 7744.55 ; 8570.43 ; 9395.78 ; 8213.54 ; -   ; -   
2021;1;CENESUP - CENTRO NACIONAL DE ENSINO SUPERIOR LTDA;2405;05474470000100;CENTRO UNIVERSITï¿½RIO DO NORTE;1422;Centro Universitï¿½rio;AM;Manaus;UNIDADE CIDADE NOVA;1081198;Manaus;AM;Manaus;13007;1303;Centro Amazonense;DIVERSAS ï¿½REAS;DIREITO, COMï¿½RCIO EXTERIOR, BIBLIOTECONOMIA E CURSOS RELACIONADOS;117997; 608.76 ;1385083;DIREITO;VESPERTINO;Bacharelado;4;50;20;0;2; 102513.00 ; 10251.30 ; 10251.30 ; 10251.30 ; 10251.30 ; 10251.30 ; 10251.30 ; 10251.30 ; 10251.30 ; 10251.30 ; 10251.30 ; -   ; -   ; 41005.20 ;140%; 4100.52 ; 4100.52 ; 4100.52 ; 4100.52 ; 4100.52 ; 4100.52 ; 4100.52 ; 4100.52 ; 4100.52 ; 4100.52 ; -   ; -   
2021;1;IGESP EDUCACAO E SAUDE LTDA;16701;25046750000125;Faculdade de Ciï¿½ncias da Saï¿½de IGESP;21764;Faculdade ;SP;Sï¿½o Paulo;CAMPUS PRINCIPAL;1077883;Sï¿½o Paulo;SP;Sï¿½o Paulo;35061;3515;Metropolitana de Sï¿½o Paulo;CURSOS DA AREA DE SAUDE;ENFERMAGEM, FISIOTERAPIA, FARMï¿½CIA, NUTRIï¿½ï¿½O E CURSOS RELACIONADOS;120921; 559.88 ;1385497;ENFERMAGEM;MATUTINO;Bacharelado;4;45;15;0;1; 58800.00 ; 5880.00 ; 5880.00 ; 5880.00 ; 5880.00 ; 5880.00 ; 5880.00 ; 5880.00 ; 5880.00 ; 5880.00 ; 5880.00 ; -   ; -   ; 55860.00 ;4%; 5586.00 ; 5586.00 ; 5586.00 ; 5586.00 ; 5586.00 ; 5586.00 ; 5586.00 ; 5586.00 ; 5586.00 ; 5586.00 ; -   ; -   
2021;1;CENTRO EDUCACIONAL MONTES BELOS LTDA;1526;04907186000118;CENTRO UNIVERSITï¿½RIO BRASï¿½LIA DO ESTADO DE GOIï¿½S ;2336;Centro Universitï¿½rio;GO;Sï¿½o Luï¿½s de Montes Belos;CAMPUS  - Sï¿½O LUï¿½S DE MONTES BELOS - SETOR UNIVERSITï¿½RIO;659096;Sï¿½o Luï¿½s de Montes Belos;GO;Anicuns;52009;5203;Centro Goiano;CURSOS DA ï¿½REA DE ENGENHARIA E CIï¿½NCIA DA COMPUTAï¿½ï¿½O;ENGENHARIA CIVIL E AMBIENTAL, ARQUITETURA E CURSOS RELACIONADOS;122072; 612.86 ;1261240;ENGENHARIA CIVIL;MATUTINO;Bacharelado;3;50;15;35;0; 104490.00 ; 10449.00 ; 10449.00 ; 10449.00 ; 10449.00 ; 10449.00 ; 10449.00 ; 10449.00 ; 10449.00 ; 10449.00 ; 10449.00 ; -   ; -   ; 99690.00 ;100%; 9969.00 ; 9969.00 ; 9969.00 ; 9969.00 ; 9969.00 ; 9969.00 ; 9969.00 ; 9969.00 ; 9969.00 ; 9969.00 ; -   ; -   
2021;1;COMPANHIA NILZA CORDEIRO HERDY DE EDUCACAO E CULTURA;326;29403763000165;UNIVERSIDADE DO GRANDE RIO PROFESSOR JOSï¿½ DE SOUZA HERDY;472;Universidade;RJ;Duque de Caxias;POLO NA SEDE;657921;Duque de Caxias;RJ;Rio de Janeiro;33018;3306;Metropolitana do Rio de Janeiro;CURSOS DA AREA DE SAUDE;ENFERMAGEM, FISIOTERAPIA, FARMï¿½CIA, NUTRIï¿½ï¿½O E CURSOS RELACIONADOS;120240; 571.78 ;9723;ENFERMAGEM;NOTURNO;Bacharelado;4;240;10;0;1; 83020.40 ; 8302.04 ; 8302.04 ; 8302.04 ; 8302.04 ; 8302.04 ; 8302.04 ; 8302.04 ; 8302.04 ; 8302.04 ; 8302.04 ; -   ; -   ; 81360.00 ;137%; 8136.00 ; 8136.00 ; 8136.00 ; 8136.00 ; 8136.00 ; 8136.00 ; 8136.00 ; 8136.00 ; 8136.00 ; 8136.00 ; -   ; -   
2021;1;SOEBRAS - SOCIEDADE EDUCATIVA DO BRASIL LTDA;1509;22669915000127;FACULDADE ICESP;4068;Faculdade ;DF;Brasï¿½lia;UNIDADE ï¿½GUAS CLARAS;1060898;Brasï¿½lia;DF;Brasï¿½lia;53001;5301;Distrito Federal;CURSOS DA AREA DE SAUDE;ENFERMAGEM, FISIOTERAPIA, FARMï¿½CIA, NUTRIï¿½ï¿½O E CURSOS RELACIONADOS;122194; 588.18 ;1304020;FARMï¿½CIA;NOTURNO;Bacharelado;4;100;40;60;0; 104757.00 ; 10475.70 ; 10475.70 ; 10475.70 ; 10475.70 ; 10475.70 ; 10475.70 ; 10475.70 ; 10475.70 ; 10475.70 ; 10475.70 ; -   ; -   ; 104757.00 ;1000%; 10475.70 ; 10475.70 ; 10475.70 ; 10475.70 ; 10475.70 ; 10475.70 ; 10475.70 ; 10475.70 ; 10475.70 ; 10475.70 ; -   ; -   
2021;1;ASSOCIACAO EDUCACIONAL DE CIENCIAS DA SAUDE - AECISA;2291;05834842000162;FACULDADE PERNAMBUCANA DE SAï¿½DE ;3615;Faculdade ;PE;Recife;FACULDADE PERNAMBUCANA DE SAï¿½DE;1082268;Recife;PE;Recife;26017;2605;Metropolitana de Recife;CURSOS DA AREA DE SAUDE;ENFERMAGEM, FISIOTERAPIA, FARMï¿½CIA, NUTRIï¿½ï¿½O E CURSOS RELACIONADOS;118975; 565.36 ;106024;FARMï¿½CIA;MATUTINO;Bacharelado;4;60;15;0;2; 65210.94 ; 7245.66 ; 7245.66 ; 7245.66 ; 7245.66 ; 7245.66 ; 7245.66 ; 7245.66 ; 7245.66 ; 7245.66 ; -   ; -   ; -   ; 61298.10 ;100%; 6810.90 ; 6810.90 ; 6810.90 ; 6810.90 ; 6810.90 ; 6810.90 ; 6810.90 ; 6810.90 ; 6810.90 ; -   ; -   ; -   
2021;1;INSTITUICAO EDUCACIONAL MATOGROSSENSE-IEMAT;546;02485183000108;Faculdades Metropolitanas de Cuiabï¿½;21808;Faculdade ;MT;Cuiabï¿½;CAMPUS PRINCIPAL;1077994;Cuiabï¿½;MT;Cuiabï¿½;51017;5104;Centro-Sul Mato-grossense;DIVERSAS ï¿½REAS;ADMINISTRAï¿½ï¿½O, ADMINISTRAï¿½ï¿½O Pï¿½BLICA, GESTï¿½O, LOGï¿½STICA, NEGï¿½CIOS E CURSOS RELACIONADOS;121993;  ;1366579;ADMINISTRAï¿½ï¿½O;MATUTINO;Bacharelado;5;100;50;50;0; 71452.84 ; 7698.00 ; 7698.00 ; 8467.80 ; 8467.80 ; 9314.58 ; 9314.58 ; 10246.04 ; 10246.04 ; -   ; -   ; -   ; -   ; 64486.20 ;200%; 6947.45 ; 6947.45 ; 7642.19 ; 7642.19 ; 8406.41 ; 8406.41 ; 9247.05 ; 9247.05 ; -   ; -   ; -   ; -   
2021;1;INSPETORIA SAO JOAO BOSCO;978;33583592000170;Centro Universitï¿½rio Salesiano;1494;Centro Universitï¿½rio;ES;Vitï¿½ria;UNIDADE SEDE;658526;Vitï¿½ria;ES;Vitï¿½ria;32009;3203;Central Espï¿½rito-santense;DIVERSAS ï¿½REAS;DIREITO, COMï¿½RCIO EXTERIOR, BIBLIOTECONOMIA E CURSOS RELACIONADOS;120091; 615.58 ;1190745;DIREITO;NOTURNO;Bacharelado;4;102;9;0;1; 71580.00 ; 7158.00 ; 7158.00 ; 7158.00 ; 7158.00 ; 7158.00 ; 7158.00 ; 7158.00 ; 7158.00 ; 7158.00 ; 7158.00 ; -   ; -   ; 71580.00 ;100%; 7158.00 ; 7158.00 ; 7158.00 ; 7158.00 ; 7158.00 ; 7158.00 ; 7158.00 ; 7158.00 ; 7158.00 ; 7158.00 ; -   ; -   
2021;1;UNEF UNIDADE DE ENSINO SUPERIOR DE FEIRA DE SANTANA LTDA;1667;03401083000119;FACULDADE DE ENSINO SUPERIOR DA CIDADE DE FEIRA DE SANTANA;2560;Faculdade ;BA;Feira de Santana;UNIDADE UNEF - LUIS EDUARDO MAGALHï¿½ES;1058601;Feira de Santana;BA;Feira de Santana;29012;2903;Centro Norte Baiano;CURSOS DA ï¿½REA DE ENGENHARIA E CIï¿½NCIA DA COMPUTAï¿½ï¿½O;ENGENHARIA MECï¿½NICA, AERONï¿½UTICA, NAVAL E CURSOS RELACIONADOS;119258; 512.42 ;1279507;ENGENHARIA MECï¿½NICA;MATUTINO;Bacharelado;3;50;15;35;0; 68400.00 ; 6840.00 ; 6840.00 ; 6840.00 ; 6840.00 ; 6840.00 ; 6840.00 ; 6840.00 ; 6840.00 ; 6840.00 ; 6840.00 ; -   ; -   ; 68395.00 ;1000%; 6839.50 ; 6839.50 ; 6839.50 ; 6839.50 ; 6839.50 ; 6839.50 ; 6839.50 ; 6839.50 ; 6839.50 ; 6839.50 ; -   ; -   
2021;1;INSTITUTO METODISTA IZABELA HENDRIX;154;17217191000140;CENTRO UNIVERSITï¿½RIO METODISTA IZABELA HENDRIX;216;Centro Universitï¿½rio;MG;Belo Horizonte;UNIDADE SEDE;138155;Belo Horizonte;MG;Belo Horizonte;31030;3107;Metropolitana de Belo Horizonte;DIVERSAS ï¿½REAS;DANï¿½A, TEOLOGIA, Mï¿½DIAS SOCIAIS, DESIGN DE INTERIORES E CURSOS RELACIONADOS;119737; 531.48 ;97770;DESIGN DE INTERIORES;NOTURNO;Tecnolï¿½gico;4;40;16;0;0; 16038.58 ; 3922.84 ; 4038.58 ; 4038.58 ; 4038.58 ; -   ; -   ; -   ; -   ; -   ; -   ; -   ; -   ; 15798.00 ;200%; 3864.00 ; 3978.00 ; 3978.00 ; 3978.00 ; -   ; -   ; -   ; -   ; -   ; -   ; -   ; -   
2021;1;INSTITUICAO DE ENSINO RIZZO, ALVES DA SILVA & PERES IGNACIO LTDA;16410;12927606000156;Faculdade Van Gogh;20586;Faculdade ;SP;Sï¿½o Paulo;FVG;1112308;Sï¿½o Paulo;SP;Sï¿½o Paulo;35061;3515;Metropolitana de Sï¿½o Paulo;DIVERSAS ï¿½REAS;ADMINISTRAï¿½ï¿½O, ADMINISTRAï¿½ï¿½O Pï¿½BLICA, GESTï¿½O, LOGï¿½STICA, NEGï¿½CIOS E CURSOS RELACIONADOS;120998; 553.52 ;1331184;ADMINISTRAï¿½ï¿½O;MATUTINO;Bacharelado;4;40;16;0;0; 49719.76 ; 5370.00 ; 5370.00 ; 5897.87 ; 5897.87 ; 6477.63 ; 6477.63 ; 7114.38 ; 7114.38 ; -   ; -   ; -   ; -   ; 47233.78 ;100%; 5101.50 ; 5101.50 ; 5602.98 ; 5602.98 ; 6153.75 ; 6153.75 ; 6758.66 ; 6758.66 ; -   ; -   ; -   ; -   
2021;1;SOCIEDADE PAULISTA DE ENSINO E PESQUISA S/S LTDA;16298;04302037000125;Universidade Universus Veritas Guarulhos;481;Universidade;SP;Guarulhos;GUARULHOS CENTRO;103202;Guarulhos;SP;Guarulhos;35059;3515;Metropolitana de Sï¿½o Paulo;DIVERSAS ï¿½REAS;ADMINISTRAï¿½ï¿½O, ADMINISTRAï¿½ï¿½O Pï¿½BLICA, GESTï¿½O, LOGï¿½STICA, NEGï¿½CIOS E CURSOS RELACIONADOS;120999; 453.94 ;110444;GESTï¿½O FINANCEIRA;NOTURNO;Tecnolï¿½gico;5;120;60;0;0; 17363.28 ; 4340.82 ; 4340.82 ; 4340.82 ; 4340.82 ; -   ; -   ; -   ; -   ; -   ; -   ; -   ; -   ; 6945.32 ;140%; 1736.33 ; 1736.33 ; 1736.33 ; 1736.33 ; -   ; -   ; -   ; -   ; -   ; -   ; -   ; -   
2021;1;INSTITUTO SANTANENSE DE ENSINO SUPERIOR;316;62881099000135;CENTRO UNIVERSITï¿½RIO SANT ANNA;456;Centro Universitï¿½rio;SP;Sï¿½o Paulo;CAMPUS  - Sï¿½O PAULO - SANTANA;657908;Sï¿½o Paulo;SP;Sï¿½o Paulo;35061;3515;Metropolitana de Sï¿½o Paulo;DIVERSAS ï¿½REAS;Mï¿½SICA, FOTOGRAFIA, PRODUï¿½ï¿½O MULTIMï¿½DIA E CURSOS RELACIONADOS;120978; 504.08 ;116218;Mï¿½SICA;NOTURNO;Licenciatura;4;140;56;84;1; 36384.00 ; 4548.00 ; 4548.00 ; 4548.00 ; 4548.00 ; 4548.00 ; 4548.00 ; 4548.00 ; 4548.00 ; -   ; -   ; -   ; -   ; 36384.00 ;1000%; 4548.00 ; 4548.00 ; 4548.00 ; 4548.00 ; 4548.00 ; 4548.00 ; 4548.00 ; 4548.00 ; -   ; -   ; -   ; -   
2021;1;SOCIEDADE ASSISTENCIAL DE EDUCACAO E CULTURA;107;45099843000125;CENTRO UNIVERSITï¿½RIO DO NORTE PAULISTA;1129;Centro Universitï¿½rio;SP;Sï¿½o Josï¿½ do Rio Preto;UNIDADE I: UNORP - SEDE;658273;Sï¿½o Josï¿½ do Rio Preto;SP;Sï¿½o Josï¿½ do Rio Preto;35004;3501;Sï¿½o Josï¿½ do Rio Preto;CURSOS DA ï¿½REA DE ENGENHARIA E CIï¿½NCIA DA COMPUTAï¿½ï¿½O;ENGENHARIA ELï¿½TRICA, ELETRï¿½NICA, DA COMPUTAï¿½ï¿½O E CURSOS RELACIONADOS;120341; 529.46 ;121147;ENGENHARIA ELï¿½TRICA;NOTURNO;Bacharelado;3;80;2;0;0; 49140.00 ; 4914.00 ; 4914.00 ; 4914.00 ; 4914.00 ; 4914.00 ; 4914.00 ; 4914.00 ; 4914.00 ; 4914.00 ; 4914.00 ; -   ; -   ; 37800.00 ;100%; 3780.00 ; 3780.00 ; 3780.00 ; 3780.00 ; 3780.00 ; 3780.00 ; 3780.00 ; 3780.00 ; 3780.00 ; 3780.00 ; -   ; -   
2021;1;INSTITUTO ENSINAR BRASIL;218;19322494000159;Faculdade Doctum de Joï¿½o Monlevade;1558;Faculdade ;MG;Joï¿½o Monlevade;UNIDADE SEDE;658578;Joï¿½o Monlevade;MG;Itabira;31031;3107;Metropolitana de Belo Horizonte;DIVERSAS ï¿½REAS;DIREITO, COMï¿½RCIO EXTERIOR, BIBLIOTECONOMIA E CURSOS RELACIONADOS;119744; 605.92 ;37891;DIREITO;NOTURNO;Bacharelado;4;72;10;0;2; 83073.00 ; 8307.30 ; 8307.30 ; 8307.30 ; 8307.30 ; 8307.30 ; 8307.30 ; 8307.30 ; 8307.30 ; 8307.30 ; 8307.30 ; -   ; -   ; 78919.30 ;9%; 7891.93 ; 7891.93 ; 7891.93 ; 7891.93 ; 7891.93 ; 7891.93 ; 7891.93 ; 7891.93 ; 7891.93 ; 7891.93 ; -   ; -   
2021;1;SOCIEDADE EDUCACIONAL SANTA RITA S.A.;943;91109660000160;CENTRO UNIVERSITï¿½RIO DA SERRA GAï¿½CHA;1427;Centro Universitï¿½rio;RS;Caxias do Sul;CENTRO UNIVERSITï¿½RIO DA SERRA GAï¿½CHA (FSG);136755;Caxias do Sul;RS;Caxias do Sul;43016;4302;Nordeste Rio-grandense;DIVERSAS ï¿½REAS;CIï¿½NCIAS SOCIAIS, POLï¿½TICAS, ECONï¿½MICAS E CONTï¿½BEIS, PSICOLOGIA E SECRETARIADO;121645; 627.46 ;87550;CIï¿½NCIAS CONTï¿½BEIS;NOTURNO;Bacharelado;4;120;48;0;0; 91113.44 ; 11389.18 ; 11389.18 ; 11389.18 ; 11389.18 ; 11389.18 ; 11389.18 ; 11389.18 ; 11389.18 ; -   ; -   ; -   ; -   ; 91113.44 ;300%; 11389.18 ; 11389.18 ; 11389.18 ; 11389.18 ; 11389.18 ; 11389.18 ; 11389.18 ; 11389.18 ; -   ; -   ; -   ; -   
2021;1;ASSOCIACAO CARIOCA DE ENSINO SUPERIOR;553;31886146000100;CENTRO UNIVERSITï¿½RIO UNICARIOCA;802;Centro Universitï¿½rio;RJ;Rio de Janeiro;UNIDADE SEDE;658113;Rio de Janeiro;RJ;Rio de Janeiro;33018;3306;Metropolitana do Rio de Janeiro;CURSOS DA ï¿½REA DE ENGENHARIA E CIï¿½NCIA DA COMPUTAï¿½ï¿½O;CIï¿½NCIA DA COMPUTAï¿½ï¿½O E SISTEMAS DE INFORMAï¿½ï¿½O E CURSOS RELACIONADOS;120248; 477.22 ;118168;ANï¿½LISE E DESENVOLVIMENTO DE SISTEMAS;MATUTINO;Tecnolï¿½gico;4;50;20;0;0; 43806.13 ; 6442.08 ; 7472.81 ; 7472.81 ; 7472.81 ; 7472.81 ; 7472.81 ; -   ; -   ; -   ; -   ; -   ; -   ; 43806.13 ;100%; 6442.08 ; 7472.81 ; 7472.81 ; 7472.81 ; 7472.81 ; 7472.81 ; -   ; -   ; -   ; -   ; -   ; -   
2021;1;FACULDADE VALE DO ACO LTDA;15886;12513048000182;FACULDADE VALE DO Aï¿½O;18253;Faculdade ;MA;Aï¿½ailï¿½ndia;UNIDADE SEDE;1061725;Aï¿½ailï¿½ndia;MA;Imperatriz;21009;2102;Oeste Maranhense;CURSOS DA ï¿½REA DE LICENCIATURA, PEDAGOGIA E NORMAL SUPERIOR;PEDAGOGIA;118342; 457.76 ;1404574;PEDAGOGIA;MATUTINO;Licenciatura;5;100;50;50;0; 44628.96 ; 5578.62 ; 5578.62 ; 5578.62 ; 5578.62 ; 5578.62 ; 5578.62 ; 5578.62 ; 5578.62 ; -   ; -   ; -   ; -   ; 29614.56 ;100%; 3701.82 ; 3701.82 ; 3701.82 ; 3701.82 ; 3701.82 ; 3701.82 ; 3701.82 ; 3701.82 ; -   ; -   ; -   ; -   
2021;1;SOCIEDADE DE ENSINO SUPERIOR ESTACIO DE SA LTDA;119;34075739000184;Centro Universitï¿½rio Estï¿½cio de Belo Horizonte - Estï¿½cio BH;1509;Centro Universitï¿½rio;MG;Belo Horizonte;PRADO;2905;Belo Horizonte;MG;Belo Horizonte;31030;3107;Metropolitana de Belo Horizonte;CURSOS DA ï¿½REA DE LICENCIATURA, PEDAGOGIA E NORMAL SUPERIOR;HISTï¿½RIA (LIC), GEOGRAFIA (LIC), EDUCAï¿½ï¿½O Fï¿½SICA (LIC) E CURSOS RELACIONADOS;119722; 574.40 ;366629;EDUCAï¿½ï¿½O Fï¿½SICA;MATUTINO;Bacharelado;3;100;30;70;1; 59650.32 ; 7456.29 ; 7456.29 ; 7456.29 ; 7456.29 ; 7456.29 ; 7456.29 ; 7456.29 ; 7456.29 ; -   ; -   ; -   ; -   ; 41755.20 ;500%; 5219.40 ; 5219.40 ; 5219.40 ; 5219.40 ; 5219.40 ; 5219.40 ; 5219.40 ; 5219.40 ; -   ; -   ; -   ; -   
2021;1;AMC - SERVICOS EDUCACIONAIS LTDA;143;43045772000152;UNIVERSIDADE Sï¿½O JUDAS TADEU;203;Universidade;SP;Sï¿½o Paulo;UNIDADE SEDE;657779;Sï¿½o Paulo;SP;Sï¿½o Paulo;35061;3515;Metropolitana de Sï¿½o Paulo;DIVERSAS ï¿½REAS;MEDICINA VETERINï¿½RIA;121010; 553.10 ;1314224;MEDICINA VETERINÃRIA;MATUTINO;Bacharelado;4;120;48;0;0; 240660.00 ; 24066.00 ; 24066.00 ; 24066.00 ; 24066.00 ; 24066.00 ; 24066.00 ; 24066.00 ; 24066.00 ; 24066.00 ; 24066.00 ; -   ; -   ; 240660.00 ;300%; 24066.00 ; 24066.00 ; 24066.00 ; 24066.00 ; 24066.00 ; 24066.00 ; 24066.00 ; 24066.00 ; 24066.00 ; 24066.00 ; -   ; -   
2021;1;SOCIEDADE DE ENSINO SUPERIOR ESTACIO DE SA LTDA;119;34075739000184;UNIVERSIDADE ESTï¿½CIO DE Sï¿½;163;Universidade;RJ;Rio de Janeiro;NOVA IGUAï¿½U;2744;Nova Iguaï¿½u;RJ;Rio de Janeiro;33018;3306;Metropolitana do Rio de Janeiro;CURSOS DA ï¿½REA DE ENGENHARIA E CIï¿½NCIA DA COMPUTAï¿½ï¿½O;ENGENHARIA DE PRODUï¿½ï¿½O, DE MATERIAIS E CURSOS RELACIONADOS;120250; 522.28 ;1486701;AUTOMAï¿½ï¿½O INDUSTRIAL;MATUTINO;Tecnolï¿½gico;Autorizado;50;12;38;0; 27766.26 ; 4627.71 ; 4627.71 ; 4627.71 ; 4627.71 ; 4627.71 ; 4627.71 ; -   ; -   ; -   ; -   ; -   ; -   ; 19436.40 ;500%; 3239.40 ; 3239.40 ; 3239.40 ; 3239.40 ; 3239.40 ; 3239.40 ; -   ; -   ; -   ; -   ; -   ; -   
2021;1;INSTITUTO DE GESTAO EDUCACIONAL SIGNORELLI LTDA.;3266;07436988000185;FACULDADE INTERNACIONAL SIGNORELLI;5105;Faculdade ;RJ;Rio de Janeiro;CAMPUS  - RIO DE JANEIRO - FREGUESIA DE JACAREPAGUï¿½;660018;Rio de Janeiro;RJ;Rio de Janeiro;33018;3306;Metropolitana do Rio de Janeiro;CURSOS DA ï¿½REA DE LICENCIATURA, PEDAGOGIA E NORMAL SUPERIOR;PEDAGOGIA;120280; 582.06 ;120127;PEDAGOGIA;NOTURNO;Licenciatura;4;100;10;0;0; 52082.64 ; 5760.00 ; 6778.92 ; 6778.92 ; 5649.12 ; 6778.92 ; 6778.92 ; 6778.92 ; 6778.92 ; -   ; -   ; -   ; -   ; 26041.32 ;150%; 2880.00 ; 3389.46 ; 3389.46 ; 2824.56 ; 3389.46 ; 3389.46 ; 3389.46 ; 3389.46 ; -   ; -   ; -   ; -   
2021;1;INSTITUTO MANTENEDOR DE ENSINO SUPERIOR DA BAHIA LTDA - ME;1564;04670333000189;CENTRO UNIVERSIï¿½RIO UNIFTC DE FEIRA DE SANTANA;1053;Centro Universitï¿½rio;BA;Feira de Santana;CAMPUS  - FEIRA DE SANTANA - SIM;658223;Feira de Santana;BA;Feira de Santana;29012;2903;Centro Norte Baiano;DIVERSAS ï¿½REAS;MEDICINA VETERINï¿½RIA;119291; 573.18 ;112532;MEDICINA VETERINï¿½RIA;MATUTINO;Bacharelado;3;100;30;0;6; 139444.20 ; 13944.42 ; 13944.42 ; 13944.42 ; 13944.42 ; 13944.42 ; 13944.42 ; 13944.42 ; 13944.42 ; 13944.42 ; 13944.42 ; -   ; -   ; 139444.20 ;200%; 13944.42 ; 13944.42 ; 13944.42 ; 13944.42 ; 13944.42 ; 13944.42 ; 13944.42 ; 13944.42 ; 13944.42 ; 13944.42 ; -   ; -   
2021;1;AMC - SERVICOS EDUCACIONAIS LTDA;143;43045772000152;UNIVERSIDADE Sï¿½O JUDAS TADEU;203;Universidade;SP;Sï¿½o Paulo;UNIDADE VILA LEOPOLDINA;1095581;Sï¿½o Paulo;SP;Sï¿½o Paulo;35061;3515;Metropolitana de Sï¿½o Paulo;CURSOS DA ï¿½REA DE ENGENHARIA E CIï¿½NCIA DA COMPUTAï¿½ï¿½O;ENGENHARIA ELï¿½TRICA, ELETRï¿½NICA, DA COMPUTAï¿½ï¿½O E CURSOS RELACIONADOS;120938; 529.60 ;1474136;ENGENHARIA DE COMPUTAï¿½ï¿½O;NOTURNO;Bacharelado;Autorizado;40;10;0;0; 136620.00 ; 13662.00 ; 13662.00 ; 13662.00 ; 13662.00 ; 13662.00 ; 13662.00 ; 13662.00 ; 13662.00 ; 13662.00 ; 13662.00 ; -   ; -   ; 136620.00 ;300%; 13662.00 ; 13662.00 ; 13662.00 ; 13662.00 ; 13662.00 ; 13662.00 ; 13662.00 ; 13662.00 ; 13662.00 ; 13662.00 ; -   ; -   
2021;1;ANHANGUERA EDUCACIONAL PARTICIPACOES S/A;16452;04310392000146;FACULDADE ANHANGUERA DE Sï¿½O JOSï¿½-SC;2324;Faculdade ;SC;Sï¿½o Josï¿½;UNIDADE SEDE;659091;Sï¿½o Josï¿½;SC;Florianï¿½polis;42016;4205;Grande Florianï¿½polis;CURSOS DA AREA DE SAUDE;ENFERMAGEM, FISIOTERAPIA, FARMï¿½CIA, NUTRIï¿½ï¿½O E CURSOS RELACIONADOS;121509; 572.62 ;1058962;FISIOTERAPIA;NOTURNO;Bacharelado;3;70;21;49;0; 82539.78 ; 9310.74 ; 7489.26 ; 7883.22 ; 7911.24 ; 8824.98 ; 7550.40 ; 7656.60 ; 8342.40 ; 9565.14 ; 8005.80 ; -   ; -   ; 52386.59 ;125%; 4793.76 ; 4194.00 ; 4294.13 ; 3889.35 ; 6244.79 ; 5302.67 ; 5418.00 ; 5858.87 ; 6768.54 ; 5622.48 ; -   ; -   
2021;1;PITAGORAS - SISTEMA DE EDUCACAO SUPERIOR SOCIEDADE LTDA;1204;03239470000109;FACULDADE PITï¿½GORAS DE Sï¿½O LUIZ;4865;Faculdade ;MA;Sï¿½o Luï¿½s;UNIDADE ACADï¿½MICA;1056034;Sï¿½o Luï¿½s;MA;Aglomeraï¿½ï¿½o Urbana de Sï¿½o Luï¿½s;21002;2101;Norte Maranhense;DIVERSAS ï¿½REAS;CIï¿½NCIAS SOCIAIS, POLï¿½TICAS, ECONï¿½MICAS E CONTï¿½BEIS, PSICOLOGIA E SECRETARIADO;118298; 568.62 ;123363;PSICOLOGIA;MATUTINO;Bacharelado;4;109;43;66;1; 113094.12 ; 8521.86 ; 7865.64 ; 8712.48 ; 9143.16 ; 9324.18 ; 11820.60 ; 15328.14 ; 14348.40 ; 15469.86 ; 12559.80 ; -   ; -   ; 75997.83 ;125%; 5454.00 ; 5034.00 ; 5424.05 ; 4495.01 ; 6598.04 ; 8301.60 ; 10846.58 ; 10076.90 ; 10946.88 ; 8820.77 ; -   ; -   
2021;1;CESG - CENTRO DE EDUCACAO SUPERIOR DE GUANAMBI LTDA;1329;04097860000146;Centro Universitï¿½rio FG;2023;Centro Universitï¿½rio;BA;Guanambi;Campus FG;1065295;Guanambi;BA;Guanambi;29026;2906;Centro Sul Baiano;CURSOS DA AREA DE SAUDE;ENFERMAGEM, FISIOTERAPIA, FARMï¿½CIA, NUTRIï¿½ï¿½O E CURSOS RELACIONADOS;119443; 542.02 ;1086150;FARMï¿½CIA;MATUTINO;Bacharelado;4;50;20;0;3; 75480.00 ; 7548.00 ; 7548.00 ; 7548.00 ; 7548.00 ; 7548.00 ; 7548.00 ; 7548.00 ; 7548.00 ; 7548.00 ; 7548.00 ; -   ; -   ; 75480.00 ;300%; 7548.00 ; 7548.00 ; 7548.00 ; 7548.00 ; 7548.00 ; 7548.00 ; 7548.00 ; 7548.00 ; 7548.00 ; 7548.00 ; -   ; -   
2021;1;IPE EDUCACIONAL LTDA;245;08679557000102;CENTRO UNIVERSITï¿½RIO DE JOï¿½O PESSOA;352;Centro Universitï¿½rio;PB;Joï¿½o Pessoa;CAMPUS UNIPï¿½;657848;Joï¿½o Pessoa;PB;Joï¿½o Pessoa;25022;2504;Mata Paraibana;CURSOS DA ï¿½REA DE ENGENHARIA E CIï¿½NCIA DA COMPUTAï¿½ï¿½O;ENGENHARIA MECï¿½NICA, AERONï¿½UTICA, NAVAL E CURSOS RELACIONADOS;118818; 508.40 ;1457853;ENGENHARIA MECï¿½NICA;NOTURNO;Bacharelado;Autorizado;100;25;0;0; 84128.40 ; 8412.84 ; 8412.84 ; 8412.84 ; 8412.84 ; 8412.84 ; 8412.84 ; 8412.84 ; 8412.84 ; 8412.84 ; 8412.84 ; -   ; -   ; 72264.90 ;300%; 5392.62 ; 3571.74 ; 4410.66 ; 8412.84 ; 8412.84 ; 8412.84 ; 8412.84 ; 8412.84 ; 8412.84 ; 8412.84 ; -   ; -   
2021;1;ANHANGUERA EDUCACIONAL PARTICIPACOES S/A;16452;04310392000146;CENTRO UNIVERSITÃRIO ANHANGUERA DE CAMPO GRANDE;926;Centro Universitï¿½rio;MS;Campo Grande;CHÃCARA DAS MANSÃ¿ES (SEDE);30981;Campo Grande;MS;Campo Grande;50004;5002;Centro Norte de Mato Grosso do S;DIVERSAS ï¿½REAS;CIï¿½NCIAS SOCIAIS, POLï¿½TICAS, ECONï¿½MICAS E CONTï¿½BEIS, PSICOLOGIA E SECRETARIADO;121833; 610.66 ;1404664;PSICOLOGIA;NOTURNO;Bacharelado;4;100;40;60;0; 86225.58 ; 9203.58 ; 8560.74 ; 10711.26 ; 8250.00 ; 8250.00 ; 8250.00 ; 8250.00 ; 8250.00 ; 8250.00 ; 8250.00 ; -   ; -   ; 44173.94 ;125%; 5154.00 ; 4794.00 ; 5834.64 ; 4055.90 ; 4055.90 ; 4055.90 ; 4055.90 ; 4055.90 ; 4055.90 ; 4055.90 ; -   ; -   
2021;1;INSTITUTO METROPOLITANO DE EDUCACAO E CULTURA LTDA - ME;3550;08814347000180;FACULDADE METROPOLITANA DE ANï¿½POLIS;11544;Faculdade ;GO;Anï¿½polis;UNIDADE SEDE;131757;Anï¿½polis;GO;Anï¿½polis;52007;5203;Centro Goiano;CURSOS DA ï¿½REA DE LICENCIATURA, PEDAGOGIA E NORMAL SUPERIOR;PEDAGOGIA;122083; 586.96 ;1204898;PEDAGOGIA;MATUTINO;Licenciatura;4;60;24;36;0; 23627.04 ; 2953.38 ; 2953.38 ; 2953.38 ; 2953.38 ; 2953.38 ; 2953.38 ; 2953.38 ; 2953.38 ; -   ; -   ; -   ; -   ; 21264.32 ;100%; 2658.04 ; 2658.04 ; 2658.04 ; 2658.04 ; 2658.04 ; 2658.04 ; 2658.04 ; 2658.04 ; -   ; -   ; -   ; -   
2021;1;ANHANGUERA EDUCACIONAL PARTICIPACOES S/A;16452;04310392000146;FACULDADE ANHANGUERA DE OSASCO;1345;Faculdade ;SP;Osasco;OSASCO;1060971;Osasco;SP;Osasco;35057;3515;Metropolitana de Sï¿½o Paulo;CURSOS DA ï¿½REA DE ENGENHARIA E CIï¿½NCIA DA COMPUTAï¿½ï¿½O;ENGENHARIA MECï¿½NICA, AERONï¿½UTICA, NAVAL E CURSOS RELACIONADOS;120936; 522.62 ;1205567;ENGENHARIA MECï¿½NICA;NOTURNO;Bacharelado;3;50;15;35;0; 85473.48 ; 7757.16 ; 7328.58 ; 9415.08 ; 7911.24 ; 7157.10 ; 7068.60 ; 8640.72 ; 9952.80 ; 10758.00 ; 9484.20 ; -   ; -   ; 54662.54 ;125%; 4134.18 ; 4104.00 ; 5128.56 ; 3889.35 ; 5064.53 ; 4964.27 ; 6114.38 ; 6989.85 ; 7612.65 ; 6660.77 ; -   ; -   
2021;1;IREP SOCIEDADE DE ENSINO SUPERIOR, MEDIO E FUNDAMENTAL LTDA.;545;02608755000107;Faculdade Estï¿½cio do Parï¿½ - Estï¿½cio FAP;2036;Faculdade ;PA;Belï¿½m;PARï¿½;658950;Belï¿½m;PA;Belï¿½m;15007;1503;Metropolitana de Belï¿½m;DIVERSAS ï¿½REAS;COMUNICAï¿½ï¿½O SOCIAL, JORNALISMO, PUBLICIDADE, MARKETING E CURSOS RELACIONADOS;118108; 523.96 ;80834;PUBLICIDADE E PROPAGANDA;MATUTINO;Bacharelado;4;100;40;60;2; 63764.56 ; 7970.57 ; 7970.57 ; 7970.57 ; 7970.57 ; 7970.57 ; 7970.57 ; 7970.57 ; 7970.57 ; -   ; -   ; -   ; -   ; 44635.20 ;500%; 5579.40 ; 5579.40 ; 5579.40 ; 5579.40 ; 5579.40 ; 5579.40 ; 5579.40 ; 5579.40 ; -   ; -   ; -   ; -   
2021;1;IREP SOCIEDADE DE ENSINO SUPERIOR, MEDIO E FUNDAMENTAL LTDA.;545;02608755000107;CENTRO UNIVERSITï¿½RIO ESTï¿½CIO DE SERGIPE;2122;Centro Universitï¿½rio;SE;Aracaju;ARACAJU;100687;Aracaju;SE;Aracaju;28011;2803;Leste Sergipano;CURSOS DA AREA DE SAUDE;ENFERMAGEM, FISIOTERAPIA, FARMï¿½CIA, NUTRIï¿½ï¿½O E CURSOS RELACIONADOS;119142; 594.28 ;107658;FISIOTERAPIA;NOTURNO;Bacharelado;3;125;37;88;3; 75420.00 ; 7542.00 ; 7542.00 ; 7542.00 ; 7542.00 ; 7542.00 ; 7542.00 ; 7542.00 ; 7542.00 ; 7542.00 ; 7542.00 ; -   ; -   ; 52794.00 ;500%; 5279.40 ; 5279.40 ; 5279.40 ; 5279.40 ; 5279.40 ; 5279.40 ; 5279.40 ; 5279.40 ; 5279.40 ; 5279.40 ; -   ; -   
2021;1;SOCIEDADE EDUCACIONAL ARNALDO HORACIO FERREIRA S/C LTDA;2477;06163776000109;CENTRO UNIVERSITï¿½RIO ARNALDO HORï¿½CIO FERREIRA;3921;Centro Universitï¿½rio;BA;Luï¿½s Eduardo Magalhï¿½es;CAMPUS  - LUï¿½S EDUARDO MAGALHï¿½ES - MIMOSO DO OESTE;659664;Luï¿½s Eduardo Magalhï¿½es;BA;Barreiras;29001;2901;Extremo Oeste Baiano;DIVERSAS ï¿½REAS;ADMINISTRAï¿½ï¿½O, ADMINISTRAï¿½ï¿½O Pï¿½BLICA, GESTï¿½O, LOGï¿½STICA, NEGï¿½CIOS E CURSOS RELACIONADOS;119212; 489.70 ;91093;ADMINISTRAï¿½ï¿½O;NOTURNO;Bacharelado;4;100;40;0;0; 35808.00 ; 4476.00 ; 4476.00 ; 4476.00 ; 4476.00 ; 4476.00 ; 4476.00 ; 4476.00 ; 4476.00 ; -   ; -   ; -   ; -   ; 32208.00 ;0%; 4026.00 ; 4026.00 ; 4026.00 ; 4026.00 ; 4026.00 ; 4026.00 ; 4026.00 ; 4026.00 ; -   ; -   ; -   ; -   
2021;1;INFNET EDUCACAO LTDA.;2519;00673757000146;INSTITUTO INFNET RIO DE JANEIRO;3998;Faculdade ;RJ;Rio de Janeiro;UNIDADE SEDE - CENTRO;1039739;Rio de Janeiro;RJ;Rio de Janeiro;33018;3306;Metropolitana do Rio de Janeiro;DIVERSAS ï¿½REAS;COMUNICAï¿½ï¿½O SOCIAL, JORNALISMO, PUBLICIDADE, MARKETING E CURSOS RELACIONADOS;120298; 550.36 ;1104005;COMUNICAï¿½ï¿½O SOCIAL - PUBLICIDADE E PROPAGANDA;MATUTINO;Bacharelado;5;50;25;24;0; 78947.04 ; 9868.38 ; 9868.38 ; 9868.38 ; 9868.38 ; 9868.38 ; 9868.38 ; 9868.38 ; 9868.38 ; -   ; -   ; -   ; -   ; 55262.88 ;1%; 6907.86 ; 6907.86 ; 6907.86 ; 6907.86 ; 6907.86 ; 6907.86 ; 6907.86 ; 6907.86 ; -   ; -   ; -   ; -   
2021;1;SOCIEDADE UNIFICADA DE EDUCACAO DE EXTREMA;1477;03769327000110;FACULDADE DE CIï¿½NCIAS SOCIAIS APLICADAS DE EXTREMA;2270;Faculdade ;MG;Extrema;CAMPUS  - EXTREMA - VILA RICA;659064;Extrema;MG;Pouso Alegre;31052;3110;Sul/Sudoeste de Minas;DIVERSAS ï¿½REAS;DIREITO, COMï¿½RCIO EXTERIOR, BIBLIOTECONOMIA E CURSOS RELACIONADOS;119899; 624.76 ;91913;DIREITO;NOTURNO;Bacharelado;4;100;26;0;0; 59224.70 ; 5922.47 ; 5922.47 ; 5922.47 ; 5922.47 ; 5922.47 ; 5922.47 ; 5922.47 ; 5922.47 ; 5922.47 ; 5922.47 ; -   ; -   ; 47916.70 ;100%; 4791.67 ; 4791.67 ; 4791.67 ; 4791.67 ; 4791.67 ; 4791.67 ; 4791.67 ; 4791.67 ; 4791.67 ; 4791.67 ; -   ; -   
2021;1;DIDACIEBE CENTRO INTEGRADO DE EDUCACAO BRASIL - EUROPA LTDA;2523;06260213000139;FATECE - FACULDADE DE TECNOLOGIA, CIï¿½NCIAS E EDUCAï¿½ï¿½O;4007;Faculdade ;SP;Pirassununga;UNIDADE  - PIRASSUNUNGA - JARDIM URUPï¿½S;702273;Pirassununga;SP;Pirassununga;35029;3507;Campinas;CURSOS DA ï¿½REA DE LICENCIATURA, PEDAGOGIA E NORMAL SUPERIOR;PEDAGOGIA;120628; 558.48 ;105992;PEDAGOGIA;NOTURNO;Licenciatura;4;100;3;3;0; 38912.16 ; 5558.88 ; 5558.88 ; 5558.88 ; 5558.88 ; 5558.88 ; 5558.88 ; 5558.88 ; -   ; -   ; -   ; -   ; -   ; 25026.75 ;100%; 3575.25 ; 3575.25 ; 3575.25 ; 3575.25 ; 3575.25 ; 3575.25 ; 3575.25 ; -   ; -   ; -   ; -   ; -   
2021;1;SOCIEDADE DE PESQUISA EDUCACAO E CULTURA, DR. APARICIO CARVALHO DE MORAES LTDA;757;01129686000188;CENTRO UNIVERSITï¿½RIO APARï¿½CIO CARVALHO;1087;Centro Universitï¿½rio;RO;Porto Velho;UNIDADE  - PORTO VELHO - JARDIM ELDORADO;658249;Porto Velho;RO;Porto Velho;11001;1101;Madeira-Guaporï¿½;DIVERSAS ï¿½REAS;CIï¿½NCIAS BIOLï¿½GICAS (BEL), BIOMEDICINA, BIOTECNOLOGIA E CURSOS RELACIONADOS;117886; 519.70 ;94221;BIOMEDICINA;VESPERTINO;Bacharelado;4;100;40;0;1; 81264.00 ; 10158.00 ; 10158.00 ; 10158.00 ; 10158.00 ; 10158.00 ; 10158.00 ; 10158.00 ; 10158.00 ; -   ; -   ; -   ; -   ; 77200.80 ;100%; 9650.10 ; 9650.10 ; 9650.10 ; 9650.10 ; 9650.10 ; 9650.10 ; 9650.10 ; 9650.10 ; -   ; -   ; -   ; -   
2021;1;FACULDADE DE CIENCIAS E TECNOLOGIA DO MARANHAO LTDA;3169;08074032000143;Centro Universitï¿½rio de Ciï¿½ncias e Tecnologia do Maranhï¿½o;4964;Centro Universitï¿½rio;MA;Caxias;CAXIAS-CENTRO;105246;Caxias;MA;Caxias;21017;2104;Leste Maranhense;CURSOS DA ï¿½REA DE ENGENHARIA E CIï¿½NCIA DA COMPUTAï¿½ï¿½O;ENGENHARIA ELï¿½TRICA, ELETRï¿½NICA, DA COMPUTAï¿½ï¿½O E CURSOS RELACIONADOS;118381; 513.72 ;1456864;ENGENHARIA ELï¿½TRICA;NOTURNO;Bacharelado;Autorizado;100;25;25;2; 75900.30 ; 7590.03 ; 7590.03 ; 7590.03 ; 7590.03 ; 7590.03 ; 7590.03 ; 7590.03 ; 7590.03 ; 7590.03 ; 7590.03 ; -   ; -   ; 74382.30 ;225%; 7438.23 ; 7438.23 ; 7438.23 ; 7438.23 ; 7438.23 ; 7438.23 ; 7438.23 ; 7438.23 ; 7438.23 ; 7438.23 ; -   ; -   
2021;1;ASSOCIACAO DE ENSINO DE RIBEIRAO PRETO;147;55983670000167;UNIVERSIDADE DE RIBEIRï¿½O PRETO;208;Universidade;SP;Ribeirï¿½o Preto;GUARUJï¿½;692522;Guarujï¿½;SP;Santos;35063;3515;Metropolitana de Sï¿½o Paulo;CURSOS DA ï¿½REA DE LICENCIATURA, PEDAGOGIA E NORMAL SUPERIOR;HISTï¿½RIA (LIC), GEOGRAFIA (LIC), EDUCAï¿½ï¿½O Fï¿½SICA (LIC) E CURSOS RELACIONADOS;120958; 574.98 ;49586;EDUCAï¿½ï¿½O Fï¿½SICA;NOTURNO;Licenciatura;4;45;10;0;0; 36020.82 ; 6003.47 ; 6003.47 ; 6003.47 ; 6003.47 ; 6003.47 ; 6003.47 ; -   ; -   ; -   ; -   ; -   ; -   ; 34219.80 ;110%; 5703.30 ; 5703.30 ; 5703.30 ; 5703.30 ; 5703.30 ; 5703.30 ; -   ; -   ; -   ; -   ; -   ; -   
2021;1;CRUZEIRO DO SUL EDUCACIONAL S.A.;159;62984091000102;UNIVERSIDADE CRUZEIRO DO SUL;221;Universidade;SP;Sï¿½o Paulo;POLO SP_PAULISTA;1085415;Sï¿½o Paulo;SP;Sï¿½o Paulo;35061;3515;Metropolitana de Sï¿½o Paulo;CURSOS DA AREA DE SAUDE;ENFERMAGEM, FISIOTERAPIA, FARMï¿½CIA, NUTRIï¿½ï¿½O E CURSOS RELACIONADOS;120919; 539.98 ;1427575;NUTRIï¿½ï¿½O;NOTURNO;Bacharelado;Autorizado;200;50;0;0; 79833.58 ; 10380.74 ; 9309.96 ; 10380.74 ; 9309.96 ; 10380.74 ; 9309.96 ; 10380.74 ; 10380.74 ; -   ; -   ; -   ; -   ; 35850.76 ;300%; 3959.47 ; 3959.66 ; 4415.08 ; 4335.55 ; 4834.21 ; 4441.69 ; 4952.55 ; 4952.55 ; -   ; -   ; -   ; -   
2021;1;SOCIEDADE UNIFICADA DE ENSINO AUGUSTO MOTTA;199;34008227000103;CENTRO UNIVERSITï¿½RIO AUGUSTO MOTTA;277;Centro Universitï¿½rio;RJ;Rio de Janeiro;UNIDADE BANGU;1043605;Rio de Janeiro;RJ;Rio de Janeiro;33018;3306;Metropolitana do Rio de Janeiro;CURSOS DA ï¿½REA DE ENGENHARIA E CIï¿½NCIA DA COMPUTAï¿½ï¿½O;ENGENHARIA ELï¿½TRICA, ELETRï¿½NICA, DA COMPUTAï¿½ï¿½O E CURSOS RELACIONADOS;120260; 451.20 ;1178674;ENGENHARIA ELï¿½TRICA;NOTURNO;Bacharelado;4;60;10;10;0; 40800.00 ; 4080.00 ; 4080.00 ; 4080.00 ; 4080.00 ; 4080.00 ; 4080.00 ; 4080.00 ; 4080.00 ; 4080.00 ; 4080.00 ; -   ; -   ; 39576.00 ;100%; 3957.60 ; 3957.60 ; 3957.60 ; 3957.60 ; 3957.60 ; 3957.60 ; 3957.60 ; 3957.60 ; 3957.60 ; 3957.60 ; -   ; -   
2021;1;UNIESP S.A;16134;19347410000131;FACULDADE DIADEMA;2257;Faculdade ;SP;Diadema;UNIDADE SEDE;695520;Diadema;SP;Sï¿½o Paulo;35061;3515;Metropolitana de Sï¿½o Paulo;DIVERSAS ï¿½REAS;DIREITO, COMï¿½RCIO EXTERIOR, BIBLIOTECONOMIA E CURSOS RELACIONADOS;120989; 560.72 ;57686;DIREITO;NOTURNO;Bacharelado;3;40;10;1;0; 92112.00 ; 6936.00 ; 6936.00 ; 6936.00 ; 6936.00 ; 6936.00 ; 6936.00 ; 12624.00 ; 12624.00 ; 12624.00 ; 12624.00 ; -   ; -   ; 85550.40 ;100%; 6242.40 ; 6242.40 ; 6242.40 ; 6242.40 ; 6242.40 ; 6242.40 ; 12024.00 ; 12024.00 ; 12024.00 ; 12024.00 ; -   ; -   
2021;1;CRUZEIRO DO SUL EDUCACIONAL S.A.;159;62984091000102;UNIVERSIDADE CRUZEIRO DO SUL;221;Universidade;SP;Sï¿½o Paulo;POLO SP_PAULISTA;1085415;Sï¿½o Paulo;SP;Sï¿½o Paulo;35061;3515;Metropolitana de Sï¿½o Paulo;CURSOS DA ï¿½REA DE ENGENHARIA E CIï¿½NCIA DA COMPUTAï¿½ï¿½O;ENGENHARIA CIVIL E AMBIENTAL, ARQUITETURA E CURSOS RELACIONADOS;120945; 573.34 ;1427560;ARQUITETURA E URBANISMO;NOTURNO;Bacharelado;Autorizado;200;50;0;0; 111183.46 ; 11473.39 ; 10289.91 ; 11473.39 ; 10289.91 ; 11473.39 ; 10289.91 ; 11473.39 ; 11473.39 ; 11473.39 ; 11473.39 ; -   ; -   ; 50123.95 ;300%; 4194.21 ; 4193.65 ; 4675.98 ; 4591.51 ; 5119.60 ; 5008.92 ; 5585.02 ; 5585.02 ; 5585.02 ; 5585.02 ; -   ; -   
2021;1;FUNDACAO EDUCACIONAL MONSENHOR MESSIAS;84;25002155000198;CENTRO UNIVERSITï¿½RIO DE SETE LAGOAS;4962;Centro Universitï¿½rio;MG;Sete Lagoas;CENTRO UNIVERSITï¿½RIO DE SETE LAGOAS;659976;Sete Lagoas;MG;Sete Lagoas;31027;3107;Metropolitana de Belo Horizonte;DIVERSAS ï¿½REAS;CIï¿½NCIAS BIOLï¿½GICAS (BEL), BIOMEDICINA, BIOTECNOLOGIA E CURSOS RELACIONADOS;119756; 580.72 ;1267045;CIï¿½NCIAS BIOLï¿½GICAS;NOTURNO;Bacharelado;4;50;20;30;0; 54336.00 ; 6792.00 ; 6792.00 ; 6792.00 ; 6792.00 ; 6792.00 ; 6792.00 ; 6792.00 ; 6792.00 ; -   ; -   ; -   ; -   ; 52072.00 ;100%; 6509.00 ; 6509.00 ; 6509.00 ; 6509.00 ; 6509.00 ; 6509.00 ; 6509.00 ; 6509.00 ; -   ; -   ; -   ; -   
2021;1;UNIESP S.A;16134;19347410000131;FACULDADE POLITï¿½CNICA DE CAMPINAS;3456;Faculdade ;SP;Campinas;CAMPUS  - CAMPINAS - FAZENDA SANTA Cï¿½NDIDA;705589;Campinas;SP;Campinas;35032;3507;Campinas;DIVERSAS ï¿½REAS;DIREITO, COMï¿½RCIO EXTERIOR, BIBLIOTECONOMIA E CURSOS RELACIONADOS;120641; 590.94 ;80152;DIREITO;NOTURNO;Bacharelado;4;50;18;1;0; 92112.00 ; 6936.00 ; 6936.00 ; 6936.00 ; 6936.00 ; 6936.00 ; 6936.00 ; 12624.00 ; 12624.00 ; 12624.00 ; 12624.00 ; -   ; -   ; 85550.40 ;100%; 6242.40 ; 6242.40 ; 6242.40 ; 6242.40 ; 6242.40 ; 6242.40 ; 12024.00 ; 12024.00 ; 12024.00 ; 12024.00 ; -   ; -   
2021;1;CEN - CENTRO DE ENSINO SUPERIOR E CAPACITACAO LTDA - EPP;16437;04895822000139;Faculdade Metropolitana de Horizonte;20532;Faculdade ;CE;Horizonte;SEDE;1072424;Horizonte;CE;Pacajus;23017;2303;Metropolitana de Fortaleza;DIVERSAS ï¿½REAS;DANï¿½A, TEOLOGIA, Mï¿½DIAS SOCIAIS, DESIGN DE INTERIORES E CURSOS RELACIONADOS;118565; 559.38 ;1441605;DESIGN DE MODA;NOTURNO;Tecnolï¿½gico;4;100;20;80;0; 11340.00 ; 2700.00 ; 2700.00 ; 2970.00 ; 2970.00 ; -   ; -   ; -   ; -   ; -   ; -   ; -   ; -   ; 10206.00 ;100%; 2430.00 ; 2430.00 ; 2673.00 ; 2673.00 ; -   ; -   ; -   ; -   ; -   ; -   ; -   ; -   
2021;1;UNIESP S.A;16134;19347410000131;INSTITUTO DE ENSINO SUPERIOR DE BAURU;1816;Faculdade ;SP;Bauru;SEDE;1073165;Bauru;SP;Bauru;35020;3504;Bauru;DIVERSAS ï¿½REAS;DIREITO, COMï¿½RCIO EXTERIOR, BIBLIOTECONOMIA E CURSOS RELACIONADOS;120496; 675.46 ;74188;DIREITO;NOTURNO;Bacharelado;4;100;38;1;0; 67464.00 ; 5040.00 ; 6936.00 ; 6936.00 ; 6936.00 ; 6936.00 ; 6936.00 ; 6936.00 ; 6936.00 ; 6936.00 ; 6936.00 ; -   ; -   ; 62355.60 ;100%; 4536.00 ; 6424.40 ; 6424.40 ; 6424.40 ; 6424.40 ; 6424.40 ; 6424.40 ; 6424.40 ; 6424.40 ; 6424.40 ; -   ; -   
2021;1;GRUPO DOM BOSCO LTDA;1240;41478561000188;CENTRO UNIVERSITï¿½RIO UNIDADE DE ENSINO SUPERIOR DOM BOSCO;1885;Centro Universitï¿½rio;MA;Sï¿½o Luï¿½s;CAMPUS  - Sï¿½O LUï¿½S - RENASCENï¿½A;658845;Sï¿½o Luï¿½s;MA;Aglomeraï¿½ï¿½o Urbana de Sï¿½o Luï¿½s;21002;2101;Norte Maranhense;DIVERSAS ï¿½REAS;CIï¿½NCIAS SOCIAIS, POLï¿½TICAS, ECONï¿½MICAS E CONTï¿½BEIS, PSICOLOGIA E SECRETARIADO;118299; 459.48 ;58700;CIï¿½NCIAS CONTï¿½BEIS;NOTURNO;Bacharelado;5;100;20;10;2; 40080.00 ; 5010.00 ; 5010.00 ; 5010.00 ; 5010.00 ; 5010.00 ; 5010.00 ; 5010.00 ; 5010.00 ; -   ; -   ; -   ; -   ; 32064.00 ;100%; 4008.00 ; 4008.00 ; 4008.00 ; 4008.00 ; 4008.00 ; 4008.00 ; 4008.00 ; 4008.00 ; -   ; -   ; -   ; -   
2021;1;SER EDUCACIONAL S.A.;1847;04986320000113;CENTRO UNIVERSITï¿½RIO MAURï¿½CIO DE NASSAU;2835;Centro Universitï¿½rio;PE;Recife;UNINASSAU - Sede;659319;Recife;PE;Recife;26017;2605;Metropolitana de Recife;CURSOS DA AREA DE SAUDE;ENFERMAGEM, FISIOTERAPIA, FARMï¿½CIA, NUTRIï¿½ï¿½O E CURSOS RELACIONADOS;118975; 565.36 ;74312;FISIOTERAPIA;NOTURNO;Bacharelado;4;120;48;0;2; 87516.30 ; 8751.63 ; 8751.63 ; 8751.63 ; 8751.63 ; 8751.63 ; 8751.63 ; 8751.63 ; 8751.63 ; 8751.63 ; 8751.63 ; -   ; -   ; 35006.50 ;140%; 3500.65 ; 3500.65 ; 3500.65 ; 3500.65 ; 3500.65 ; 3500.65 ; 3500.65 ; 3500.65 ; 3500.65 ; 3500.65 ; -   ; -   
2021;1;CESA - CENTRO DE ESTUDO SUPERIOR DE APUCARANA;1224;03347235000142;FACULDADE DO NORTE NOVO DE APUCARANA;1856;Faculdade ;PR;Apucarana;UNIDADE SEDE;658819;Apucarana;PR;Apucarana;41010;4103;Norte Central Paranaense;DIVERSAS ï¿½REAS;DANï¿½A, TEOLOGIA, Mï¿½DIAS SOCIAIS, DESIGN DE INTERIORES E CURSOS RELACIONADOS;121098;  ;79821;DESIGN DE INTERIORES;NOTURNO;Tecnolï¿½gico;4;50;20;10;0; 23337.60 ; 4667.52 ; 4667.52 ; 4667.52 ; 4667.52 ; 4667.52 ; -   ; -   ; -   ; -   ; -   ; -   ; -   ; 21003.55 ;100%; 4200.71 ; 4200.71 ; 4200.71 ; 4200.71 ; 4200.71 ; -   ; -   ; -   ; -   ; -   ; -   ; -   
2021;1;EPD - ESCOLA PAULISTA DE DIREITO LTDA;17506;07279794000113;FACULDADE ESCOLA PAULISTA DE DIREITO;905;Faculdade ;SP;Sï¿½o Paulo;CAMPUS  - Sï¿½O PAULO - LIBERDADE;658157;Sï¿½o Paulo;SP;Sï¿½o Paulo;35061;3515;Metropolitana de Sï¿½o Paulo;DIVERSAS ï¿½REAS;CIï¿½NCIAS SOCIAIS, POLï¿½TICAS, ECONï¿½MICAS E CONTï¿½BEIS, PSICOLOGIA E SECRETARIADO;120993; 590.16 ;17496;CIï¿½NCIAS CONTï¿½BEIS;NOTURNO;Bacharelado;3;80;24;0;0; 40435.20 ; 5054.40 ; 5054.40 ; 5054.40 ; 5054.40 ; 5054.40 ; 5054.40 ; 5054.40 ; 5054.40 ; -   ; -   ; -   ; -   ; 24261.12 ;100%; 3032.64 ; 3032.64 ; 3032.64 ; 3032.64 ; 3032.64 ; 3032.64 ; 3032.64 ; 3032.64 ; -   ; -   ; -   ; -   
2021;1;CENTRO DE ENSINO SUPERIOR NILTON LINS;441;04803904000106;UNIVERSIDADE NILTON LINS;669;Universidade;AM;Manaus;Uninilton Lins;658021;Manaus;AM;Manaus;13007;1303;Centro Amazonense;CURSOS DA ï¿½REA DE ENGENHARIA E CIï¿½NCIA DA COMPUTAï¿½ï¿½O;ENGENHARIA DE PRODUï¿½ï¿½O, DE MATERIAIS E CURSOS RELACIONADOS;117962; 507.10 ;108224;ENGENHARIA AMBIENTAL;MATUTINO;Bacharelado;4;300;120;0;0; 69957.60 ; 6995.76 ; 6995.76 ; 6995.76 ; 6995.76 ; 6995.76 ; 6995.76 ; 6995.76 ; 6995.76 ; 6995.76 ; 6995.76 ; -   ; -   ; 59464.00 ;120%; 5946.40 ; 5946.40 ; 5946.40 ; 5946.40 ; 5946.40 ; 5946.40 ; 5946.40 ; 5946.40 ; 5946.40 ; 5946.40 ; -   ; -   
2021;1;SER EDUCACIONAL S.A.;1847;04986320000113;CENTRO UNIVERSITï¿½RIO MAURï¿½CIO DE NASSAU;2835;Centro Universitï¿½rio;PE;Recife;UNINASSAU - Sede;659319;Recife;PE;Recife;26017;2605;Metropolitana de Recife;DIVERSAS ï¿½REAS;COMUNICAï¿½ï¿½O SOCIAL, JORNALISMO, PUBLICIDADE, MARKETING E CURSOS RELACIONADOS;119016; 557.00 ;63510;COMUNICAï¿½ï¿½O SOCIAL - JORNALISMO;MATUTINO;Bacharelado;5;185;92;0;0; 47016.32 ; 5877.04 ; 5877.04 ; 5877.04 ; 5877.04 ; 5877.04 ; 5877.04 ; 5877.04 ; 5877.04 ; -   ; -   ; -   ; -   ; 18806.48 ;140%; 2350.81 ; 2350.81 ; 2350.81 ; 2350.81 ; 2350.81 ; 2350.81 ; 2350.81 ; 2350.81 ; -   ; -   ; -   ; -   
2021;1;ASSOCIACAO TERESINENSE DE ENSINO S/C LTDA;781;34965491000127;CENTRO UNIVERSITï¿½RIO SANTO AGOSTINHO;1131;Centro Universitï¿½rio;PI;Teresina;ANEXO I;1076070;Teresina;PI;Teresina;22003;2202;Centro-Norte Piauiense;CURSOS DA ï¿½REA DE ENGENHARIA E CIï¿½NCIA DA COMPUTAï¿½ï¿½O;ENGENHARIA DE PRODUï¿½ï¿½O, DE MATERIAIS E CURSOS RELACIONADOS;118443; 459.94 ;105972;ENGENHARIA DE PRODUï¿½ï¿½O;MATUTINO;Bacharelado;4;50;20;20;0; 56044.20 ; 5604.42 ; 5604.42 ; 5604.42 ; 5604.42 ; 5604.42 ; 5604.42 ; 5604.42 ; 5604.42 ; 5604.42 ; 5604.42 ; -   ; -   ; 53242.00 ;100%; 5324.20 ; 5324.20 ; 5324.20 ; 5324.20 ; 5324.20 ; 5324.20 ; 5324.20 ; 5324.20 ; 5324.20 ; 5324.20 ; -   ; -   
2021;1;INSTITUTO SANTANENSE DE ENSINO SUPERIOR;316;62881099000135;CENTRO UNIVERSITï¿½RIO SANT ANNA;456;Centro Universitï¿½rio;SP;Sï¿½o Paulo;CAMPUS  - Sï¿½O PAULO - SANTANA;657908;Sï¿½o Paulo;SP;Sï¿½o Paulo;35061;3515;Metropolitana de Sï¿½o Paulo;DIVERSAS ï¿½REAS;COMUNICAï¿½ï¿½O SOCIAL, JORNALISMO, PUBLICIDADE, MARKETING E CURSOS RELACIONADOS;120985; 556.36 ;23585;JORNALISMO;NOTURNO;Bacharelado;3;70;21;49;0; 42810.00 ; 5184.00 ; 5184.00 ; 5184.00 ; 5184.00 ; 5184.00 ; 5184.00 ; 5184.00 ; 6522.00 ; -   ; -   ; -   ; -   ; 42810.00 ;1000%; 5184.00 ; 5184.00 ; 5184.00 ; 5184.00 ; 5184.00 ; 5184.00 ; 5184.00 ; 6522.00 ; -   ; -   ; -   ; -   
2021;1;SOCIEDADE DE EDUCACAO SUPERIOR E CULTURA BRASIL S.A.;902;84684182000157;Centro Universitï¿½rio UNA de Betim;14028;Centro Universitï¿½rio;MG;Betim;Campus Sede;1044032;Betim;MG;Belo Horizonte;31030;3107;Metropolitana de Belo Horizonte;CURSOS DA ï¿½REA DE ENGENHARIA E CIï¿½NCIA DA COMPUTAï¿½ï¿½O;ENGENHARIA CIVIL E AMBIENTAL, ARQUITETURA E CURSOS RELACIONADOS;119713; 594.06 ;1146578;ENGENHARIA CIVIL;NOTURNO;Bacharelado;3;120;36;0;1; 95160.00 ; 9516.00 ; 9516.00 ; 9516.00 ; 9516.00 ; 9516.00 ; 9516.00 ; 9516.00 ; 9516.00 ; 9516.00 ; 9516.00 ; -   ; -   ; 95160.00 ;300%; 9516.00 ; 9516.00 ; 9516.00 ; 9516.00 ; 9516.00 ; 9516.00 ; 9516.00 ; 9516.00 ; 9516.00 ; 9516.00 ; -   ; -   
2021;1;ASSOCIACAO EDUCACIONAL NOVE DE JULHO;222;43374768000138;UNIVERSIDADE NOVE DE JULHO;316;Universidade;SP;Sï¿½o Paulo;VILA PRUDENTE;1063075;Sï¿½o Paulo;SP;Sï¿½o Paulo;35061;3515;Metropolitana de Sï¿½o Paulo;DIVERSAS ï¿½REAS;CIï¿½NCIAS SOCIAIS, POLï¿½TICAS, ECONï¿½MICAS E CONTï¿½BEIS, PSICOLOGIA E SECRETARIADO;120992; 577.24 ;5001268;PSICOLOGIA;NOTURNO;Bacharelado;Autorizado;522;130;130;1; 105540.00 ; 10554.00 ; 10554.00 ; 10554.00 ; 10554.00 ; 10554.00 ; 10554.00 ; 10554.00 ; 10554.00 ; 10554.00 ; 10554.00 ; -   ; -   ; 61854.00 ;120%; 2850.00 ; 3348.00 ; 4638.00 ; 4638.00 ; 5796.00 ; 5796.00 ; 8118.00 ; 8118.00 ; 9276.00 ; 9276.00 ; -   ; -   
2021;1;FIUSA EDUCACIONAL S/SIMPLES LTDA - EPP;2141;04242942000137;CENTRO UNIVERSITï¿½RIO PARAï¿½SO;3388;Centro Universitï¿½rio;CE;Juazeiro do Norte;CAMPUS Sï¿½O MIGUEL;659473;Juazeiro do Norte;CE;Cariri;23032;2307;Sul Cearense;DIVERSAS ï¿½REAS;DIREITO, COMï¿½RCIO EXTERIOR, BIBLIOTECONOMIA E CURSOS RELACIONADOS;118653; 610.42 ;89822;DIREITO;NOTURNO;Bacharelado;4;148;55;30;3; 84420.00 ; 8040.00 ; 8040.00 ; 8040.00 ; 8040.00 ; 8040.00 ; 8844.00 ; 8844.00 ; 8844.00 ; 8844.00 ; 8844.00 ; -   ; -   ; 80199.00 ;100%; 7638.00 ; 7638.00 ; 7638.00 ; 7638.00 ; 7638.00 ; 8401.80 ; 8401.80 ; 8401.80 ; 8401.80 ; 8401.80 ; -   ; -   
2021;1;SOCIEDADE DE EDUCACAO SUPERIOR E CULTURA BRASIL S.A.;902;84684182000157;Centro Universitï¿½rio UNA de Contagem;4766;Centro Universitï¿½rio;MG;Contagem;Campus Sede;1076231;Contagem;MG;Belo Horizonte;31030;3107;Metropolitana de Belo Horizonte;DIVERSAS ï¿½REAS;CIï¿½NCIAS BIOLï¿½GICAS (BEL), BIOMEDICINA, BIOTECNOLOGIA E CURSOS RELACIONADOS;119756; 580.72 ;1303970;BIOMEDICINA;MATUTINO;Bacharelado;4;40;16;0;0; 61152.00 ; 7644.00 ; 7644.00 ; 7644.00 ; 7644.00 ; 7644.00 ; 7644.00 ; 7644.00 ; 7644.00 ; -   ; -   ; -   ; -   ; 61152.00 ;300%; 7644.00 ; 7644.00 ; 7644.00 ; 7644.00 ; 7644.00 ; 7644.00 ; 7644.00 ; 7644.00 ; -   ; -   ; -   ; -   
2021;1;CAMPANHA NACIONAL DE ESCOLAS DA COMUNIDADE;407;33621384000119;CENTRO UNIVERSITï¿½RIO CENECISTA DE OSï¿½RIO;626;Centro Universitï¿½rio;RS;Osï¿½rio;UNIDADE SEDE;657993;Osï¿½rio;RS;Osï¿½rio;43027;4305;Metropolitana de Porto Alegre;DIVERSAS ï¿½REAS;COMUNICAï¿½ï¿½O SOCIAL, JORNALISMO, PUBLICIDADE, MARKETING E CURSOS RELACIONADOS;121745;  ;1456948;MARKETING DIGITAL;NOTURNO;Tecnolï¿½gico;Autorizado;100;25;0;0; 29616.40 ; 7404.10 ; 7404.10 ; 7404.10 ; 7404.10 ; -   ; -   ; -   ; -   ; -   ; -   ; -   ; -   ; 29616.40 ;25%; 7404.10 ; 7404.10 ; 7404.10 ; 7404.10 ; -   ; -   ; -   ; -   ; -   ; -   ; -   ; -   
2021;1;IUNI EDUCACIONAL - UNIME SALVADOR LTDA;1965;03395289000183;FACULDADE DELTA;3034;Faculdade ;BA;Salvador;SEDE - P. SHOPPING;1101320;Salvador;BA;Salvador;29021;2905;Metropolitana de Salvador;CURSOS DA ï¿½REA DE ENGENHARIA E CIï¿½NCIA DA COMPUTAï¿½ï¿½O;ENGENHARIA CIVIL E AMBIENTAL, ARQUITETURA E CURSOS RELACIONADOS;119377; 555.94 ;1259245;ENGENHARIA CIVIL;NOTURNO;Bacharelado;4;120;48;72;1; 96999.66 ; 8453.58 ; 6953.58 ; 8236.68 ; 6679.20 ; 6540.78 ; 8910.00 ; 12368.40 ; 13919.40 ; 13777.44 ; 11160.60 ; -   ; -   ; 63399.38 ;125%; 4734.00 ; 3894.00 ; 4486.70 ; 3283.65 ; 4628.43 ; 6257.48 ; 8752.19 ; 9775.58 ; 9749.25 ; 7838.10 ; -   ; -   
2021;1;INSTITUTO CAMPINENSE DE ENSINO SUPERIOR LTDA;2447;05933016000170;Centro Universitï¿½rio da Amazï¿½nia;757;Centro Universitï¿½rio;PA;Santarï¿½m;UNIDADE SEDE;658082;Santarï¿½m;PA;Santarï¿½m;15002;1501;Baixo Amazonas;DIVERSAS ï¿½REAS;DIREITO, COMï¿½RCIO EXTERIOR, BIBLIOTECONOMIA E CURSOS RELACIONADOS;118054; 575.46 ;16707;DIREITO;MATUTINO;Bacharelado;4;35;14;0;3; 70231.10 ; 7023.11 ; 7023.11 ; 7023.11 ; 7023.11 ; 7023.11 ; 7023.11 ; 7023.11 ; 7023.11 ; 7023.11 ; 7023.11 ; -   ; -   ; 28092.40 ;140%; 2809.24 ; 2809.24 ; 2809.24 ; 2809.24 ; 2809.24 ; 2809.24 ; 2809.24 ; 2809.24 ; 2809.24 ; 2809.24 ; -   ; -   
2021;1;UNIAO DAS FACULDADES FASIPE LTDA;15951;17517109000101;Faculdade Fasipe Mato Grosso;18114;Faculdade ;MT;Cuiabï¿½;FACULDADE FASIPE;1108951;Cuiabï¿½;MT;Cuiabï¿½;51017;5104;Centro-Sul Mato-grossense;DIVERSAS ï¿½REAS;CIï¿½NCIAS BIOLï¿½GICAS (BEL), BIOMEDICINA, BIOTECNOLOGIA E CURSOS RELACIONADOS;121995; 569.70 ;1207554;BIOMEDICINA;MATUTINO;Bacharelado;4;50;20;20;0; 99039.84 ; 12379.98 ; 12379.98 ; 12379.98 ; 12379.98 ; 12379.98 ; 12379.98 ; 12379.98 ; 12379.98 ; -   ; -   ; -   ; -   ; 85130.40 ;200%; 10641.30 ; 10641.30 ; 10641.30 ; 10641.30 ; 10641.30 ; 10641.30 ; 10641.30 ; 10641.30 ; -   ; -   ; -   ; -   
2021;1;CEUMA-ASSOCIACAO DE ENSINO SUPERIOR;2559;23689763000197;UNIVERSIDADE CEUMA;823;Universidade;MA;Sï¿½o Luï¿½s;UNIVERSIDADE DO CEUMA - UNICEUMA - CAMPUS IMPERATRIZ;1058879;Imperatriz;MA;Imperatriz;21009;2102;Oeste Maranhense;CURSOS DA AREA DE SAUDE;ODONTOLOGIA, QUIROPRAXIA, Fï¿½SICA Mï¿½DICA E NATUROLOGIA;118317; 647.36 ;1279431;ODONTOLOGIA;INTEGRAL;Bacharelado;Autorizado;100;25;25;9; 163140.00 ; 16314.00 ; 16314.00 ; 16314.00 ; 16314.00 ; 16314.00 ; 16314.00 ; 16314.00 ; 16314.00 ; 16314.00 ; 16314.00 ; -   ; -   ; 154983.00 ;100%; 15498.30 ; 15498.30 ; 15498.30 ; 15498.30 ; 15498.30 ; 15498.30 ; 15498.30 ; 15498.30 ; 15498.30 ; 15498.30 ; -   ; -   
2021;1;CENTRO DE ENSINO SUPERIOR DO CEARA;1569;04918904000151;FACULDADE CEARENSE;2410;Faculdade ;CE;Fortaleza;Faculdade Cearense;659133;Fortaleza;CE;Fortaleza;23016;2303;Metropolitana de Fortaleza;CURSOS DA ï¿½REA DE ENGENHARIA E CIï¿½NCIA DA COMPUTAï¿½ï¿½O;CIï¿½NCIA DA COMPUTAï¿½ï¿½O E SISTEMAS DE INFORMAï¿½ï¿½O E CURSOS RELACIONADOS;118536; 542.70 ;1300474;REDES DE COMPUTADORES;MATUTINO;Tecnolï¿½gico;4;120;48;0;0; 13122.90 ; 2624.58 ; 2624.58 ; 2624.58 ; 2624.58 ; 2624.58 ; -   ; -   ; -   ; -   ; -   ; -   ; -   ; 11531.70 ;120%; 2306.34 ; 2306.34 ; 2306.34 ; 2306.34 ; 2306.34 ; -   ; -   ; -   ; -   ; -   ; -   ; -   
2021;1;ASSOCIACAO SALGADO DE OLIVEIRA DE EDUCACAO E CULTURA;435;28638393000182;CENTRO UNIVERSITï¿½RIO DO TRIï¿½NGULO;142;Centro Universitï¿½rio;MG;Uberlï¿½ndia;UNIDADE SEDE;688568;Uberlï¿½ndia;MG;Uberlï¿½ndia;31018;3105;Triï¿½ngulo Mineiro/Alto Paranaï¿½ba;CURSOS DA ï¿½REA DE ENGENHARIA E CIï¿½NCIA DA COMPUTAï¿½ï¿½O;ENGENHARIA CIVIL E AMBIENTAL, ARQUITETURA E CURSOS RELACIONADOS;119619; 657.92 ;4545;ARQUITETURA E URBANISMO;NOTURNO;Bacharelado;4;60;20;40;0; 135360.00 ; 13536.00 ; 13536.00 ; 13536.00 ; 13536.00 ; 13536.00 ; 13536.00 ; 13536.00 ; 13536.00 ; 13536.00 ; 13536.00 ; -   ; -   ; 33231.00 ;100%; 3323.10 ; 3323.10 ; 3323.10 ; 3323.10 ; 3323.10 ; 3323.10 ; 3323.10 ; 3323.10 ; 3323.10 ; 3323.10 ; -   ; -   
2021;1;SOCIEDADE EDUCACIONAL LEONARDO DA VINCI S/S LTDA;821;01894432000156;CENTRO UNIVERSITï¿½RIO DANTE;2175;Centro Universitï¿½rio;SC;Blumenau;FAMEBLU - CAMPUS II;1042049;Blumenau;SC;Blumenau;42012;4204;Vale do Itajaï¿½;CURSOS DA ï¿½REA DE LICENCIATURA, PEDAGOGIA E NORMAL SUPERIOR;HISTï¿½RIA (LIC), GEOGRAFIA (LIC), EDUCAï¿½ï¿½O Fï¿½SICA (LIC) E CURSOS RELACIONADOS;121482;  ;1116634;EDUCAï¿½ï¿½O Fï¿½SICA;NOTURNO;Licenciatura;3;100;16;0;0; 55796.56 ; 6974.57 ; 6974.57 ; 6974.57 ; 6974.57 ; 6974.57 ; 6974.57 ; 6974.57 ; 6974.57 ; -   ; -   ; -   ; -   ; 55796.56 ;100%; 6974.57 ; 6974.57 ; 6974.57 ; 6974.57 ; 6974.57 ; 6974.57 ; 6974.57 ; 6974.57 ; -   ; -   ; -   ; -   
2021;1;AELBRA EDUCACAO SUPERIOR - GRADUACAO E POS-GRADUACAO S.A.;314;88332580000165;UNIVERSIDADE LUTERANA DO BRASIL;449;Universidade;RS;Canoas;ULBRA CANOAS;657901;Canoas;RS;Porto Alegre;43026;4305;Metropolitana de Porto Alegre;CURSOS DA ï¿½REA DE LICENCIATURA, PEDAGOGIA E NORMAL SUPERIOR;ARTES, CIï¿½NCIAS SOCIAIS E CURSOS RELACIONADOS;121730; 516.28 ;66506;CIï¿½NCIAS BIOLï¿½GICAS;NOTURNO;Licenciatura;4;100;40;0;2; 45399.52 ; 5896.04 ; 5896.04 ; 5896.04 ; 5896.04 ; 5896.04 ; 4716.84 ; 5896.04 ; 5306.44 ; -   ; -   ; -   ; -   ; 44037.54 ;100%; 5719.16 ; 5719.16 ; 5719.16 ; 5719.16 ; 5719.16 ; 4575.33 ; 5719.16 ; 5147.25 ; -   ; -   ; -   ; -   
2021;1;CESUMAR - CENTRO DE ENSINO SUPERIOR DE MARINGA LTDA;560;79265617000199;FACULDADE CESUMAR DE PONTA GROSSA;17420;Faculdade ;PR;Ponta Grossa;UNIDADE SEDE;1076608;Ponta Grossa;PR;Ponta Grossa;41021;4105;Centro Oriental Paranaense;CURSOS DA ï¿½REA DE ENGENHARIA E CIï¿½NCIA DA COMPUTAï¿½ï¿½O;ENGENHARIA CIVIL E AMBIENTAL, ARQUITETURA E CURSOS RELACIONADOS;121150; 503.34 ;1322352;ENGENHARIA CIVIL;MATUTINO;Bacharelado;4;100;40;0;0; 93777.60 ; 9377.76 ; 9377.76 ; 9377.76 ; 9377.76 ; 9377.76 ; 9377.76 ; 9377.76 ; 9377.76 ; 9377.76 ; 9377.76 ; -   ; -   ; 79710.60 ;100%; 7971.06 ; 7971.06 ; 7971.06 ; 7971.06 ; 7971.06 ; 7971.06 ; 7971.06 ; 7971.06 ; 7971.06 ; 7971.06 ; -   ; -   
2021;1;CESUMAR - CENTRO DE ENSINO SUPERIOR DE MARINGA LTDA;560;79265617000199;FACULDADE CESUMAR DE PONTA GROSSA;17420;Faculdade ;PR;Ponta Grossa;UNIDADE SEDE;1076608;Ponta Grossa;PR;Ponta Grossa;41021;4105;Centro Oriental Paranaense;CURSOS DA AREA DE SAUDE;ENFERMAGEM, FISIOTERAPIA, FARMï¿½CIA, NUTRIï¿½ï¿½O E CURSOS RELACIONADOS;121141; 529.34 ;1365331;FISIOTERAPIA;MATUTINO;Bacharelado;4;100;40;0;1; 95800.80 ; 9580.08 ; 9580.08 ; 9580.08 ; 9580.08 ; 9580.08 ; 9580.08 ; 9580.08 ; 9580.08 ; 9580.08 ; 9580.08 ; -   ; -   ; 81430.80 ;100%; 8143.08 ; 8143.08 ; 8143.08 ; 8143.08 ; 8143.08 ; 8143.08 ; 8143.08 ; 8143.08 ; 8143.08 ; 8143.08 ; -   ; -   
2021;1;UNIRB - UNIVERSIDADE REGIONAL BRASILEIRA S.A.;17024;28844791000155;CENTRO UNIVERSITï¿½RIO UNIRB;2076;Centro Universitï¿½rio;BA;Salvador;Unidade SEDE;658969;Salvador;BA;Salvador;29021;2905;Metropolitana de Salvador;DIVERSAS ï¿½REAS;ESTï¿½TICA E COSMï¿½TICA, GESTï¿½O DO ESPORTE E CURSOS RELACIONADOS;119433; 487.40 ;1159067;ESTï¿½TICA E COSMï¿½TICA;NOTURNO;Bacharelado;4;100;40;60;0; 47904.00 ; 5988.00 ; 5988.00 ; 5988.00 ; 5988.00 ; 5988.00 ; 5988.00 ; 5988.00 ; 5988.00 ; -   ; -   ; -   ; -   ; 47904.00 ;800%; 5988.00 ; 5988.00 ; 5988.00 ; 5988.00 ; 5988.00 ; 5988.00 ; 5988.00 ; 5988.00 ; -   ; -   ; -   ; -   
2021;1;SOCIEDADE PAULISTA DE ENSINO E PESQUISA S/S LTDA;16298;04302037000125;Universidade Universus Veritas Guarulhos;481;Universidade;SP;Guarulhos;GUARULHOS CENTRO;103202;Guarulhos;SP;Guarulhos;35059;3515;Metropolitana de Sï¿½o Paulo;CURSOS DA ï¿½REA DE LICENCIATURA, PEDAGOGIA E NORMAL SUPERIOR;LETRAS - IDIOMAS, Fï¿½SICA (LIC), QUï¿½MICA (LIC) E CURSOS RELACIONADOS;120951; 460.58 ;9840;QUï¿½MICA;MATUTINO;Licenciatura;4;120;48;0;0; 30000.36 ; 5000.06 ; 5000.06 ; 5000.06 ; 5000.06 ; 5000.06 ; 5000.06 ; -   ; -   ; -   ; -   ; -   ; -   ; 12000.12 ;140%; 2000.02 ; 2000.02 ; 2000.02 ; 2000.02 ; 2000.02 ; 2000.02 ; -   ; -   ; -   ; -   ; -   ; -   
2021;1;IDEA - INSTITUTO DE DESENVOLVIMENTO EDUCACIONAL AVANCADO LTDA;970;03158213000134;FACULDADE ESAMC UBERLï¿½NDIA;1468;Faculdade ;MG;Uberlï¿½ndia;CAMPUS  - UBERLï¿½NDIA - MARTINS;658510;Uberlï¿½ndia;MG;Uberlï¿½ndia;31018;3105;Triï¿½ngulo Mineiro/Alto Paranaï¿½ba;DIVERSAS ï¿½REAS;ADMINISTRAï¿½ï¿½O, ADMINISTRAï¿½ï¿½O Pï¿½BLICA, GESTï¿½O, LOGï¿½STICA, NEGï¿½CIOS E CURSOS RELACIONADOS;119642; 485.14 ;31003;ADMINISTRAï¿½ï¿½O;NOTURNO;Bacharelado;5;240;3;1;0; 75636.60 ; 7563.66 ; 7563.66 ; 7563.66 ; 7563.66 ; 7563.66 ; 7563.66 ; 7563.66 ; 7563.66 ; 7563.66 ; 7563.66 ; -   ; -   ; 45382.20 ;105%; 4538.22 ; 4538.22 ; 4538.22 ; 4538.22 ; 4538.22 ; 4538.22 ; 4538.22 ; 4538.22 ; 4538.22 ; 4538.22 ; -   ; -   
2021;1;ABES - SOCIEDADE BAIANA DE ENSINO SUPERIOR LTDA;737;32697294000149;Centro Universitï¿½rio Maurï¿½cio de Nassau de Salvador;1055;Centro Universitï¿½rio;BA;Salvador;BLOCO MERCï¿½S;1056543;Salvador;BA;Salvador;29021;2905;Metropolitana de Salvador;DIVERSAS ï¿½REAS;CIï¿½NCIAS SOCIAIS, POLï¿½TICAS, ECONï¿½MICAS E CONTï¿½BEIS, PSICOLOGIA E SECRETARIADO;119408; 559.72 ;1300301;PSICOLOGIA;NOTURNO;Bacharelado;3;75;22;0;1; 67593.70 ; 6759.37 ; 6759.37 ; 6759.37 ; 6759.37 ; 6759.37 ; 6759.37 ; 6759.37 ; 6759.37 ; 6759.37 ; 6759.37 ; -   ; -   ; 27037.50 ;140%; 2703.75 ; 2703.75 ; 2703.75 ; 2703.75 ; 2703.75 ; 2703.75 ; 2703.75 ; 2703.75 ; 2703.75 ; 2703.75 ; -   ; -   
2021;1;CENESUP - CENTRO NACIONAL DE ENSINO SUPERIOR LTDA;2405;05474470000100;CENTRO UNIVERSITï¿½RIO DO NORTE;1422;Centro Universitï¿½rio;AM;Manaus;UNIDADE DE ENSINO X;1041219;Manaus;AM;Manaus;13007;1303;Centro Amazonense;CURSOS DA ï¿½REA DE LICENCIATURA, PEDAGOGIA E NORMAL SUPERIOR;HISTï¿½RIA (LIC), GEOGRAFIA (LIC), EDUCAï¿½ï¿½O Fï¿½SICA (LIC) E CURSOS RELACIONADOS;117979; 562.42 ;1364159;EDUCAï¿½ï¿½O Fï¿½SICA;NOTURNO;Bacharelado;3;150;45;0;0; 49042.00 ; 6130.25 ; 6130.25 ; 6130.25 ; 6130.25 ; 6130.25 ; 6130.25 ; 6130.25 ; 6130.25 ; -   ; -   ; -   ; -   ; 19616.80 ;140%; 2452.10 ; 2452.10 ; 2452.10 ; 2452.10 ; 2452.10 ; 2452.10 ; 2452.10 ; 2452.10 ; -   ; -   ; -   ; -   
2021;1;SANTANA INSTITUTO DE EDUCACAO SUPERIOR EIRELI;2148;02846920000150;FACULDADE LS;3396;Faculdade ;DF;Brasï¿½lia;FACULDADE LS - LOTE 05 - BLOCO A;659478;Brasï¿½lia;DF;Brasï¿½lia;53001;5301;Distrito Federal;CURSOS DA AREA DE SAUDE;SERVIï¿½O SOCIAL, FONOAUDIOLOGIA, TERAPIA OCUPACIONAL E CURSOS RELACIONADOS;122198; 477.30 ;105514;RADIOLOGIA;MATUTINO;Tecnolï¿½gico;4;100;40;60;0; 38884.32 ; 6480.72 ; 6480.72 ; 6480.72 ; 6480.72 ; 6480.72 ; 6480.72 ; -   ; -   ; -   ; -   ; -   ; -   ; 25858.08 ;100%; 4309.68 ; 4309.68 ; 4309.68 ; 4309.68 ; 4309.68 ; 4309.68 ; -   ; -   ; -   ; -   ; -   ; -   
2021;1;SOCIEDADE AVANTIS DE ENSINO E ESCOLA DE AVIACAO CIVIL S.A.;1303;04204407000191;CENTRO UNIVERSITARIO AVANTIS;1988;Centro Universitï¿½rio;SC;Balneï¿½rio Camboriï¿½;UNIAVAN_SEDE;658924;Balneï¿½rio Camboriï¿½;SC;Itajaï¿½;42013;4204;Vale do Itajaï¿½;DIVERSAS ï¿½REAS;CIï¿½NCIAS SOCIAIS, POLï¿½TICAS, ECONï¿½MICAS E CONTï¿½BEIS, PSICOLOGIA E SECRETARIADO;121491; 580.24 ;98571;CIï¿½NCIAS CONTï¿½BEIS;NOTURNO;Bacharelado;4;100;20;0;0; 40867.20 ; 4540.80 ; 4540.80 ; 4540.80 ; 4540.80 ; 4540.80 ; 4540.80 ; 6811.20 ; 6811.20 ; -   ; -   ; -   ; -   ; 40867.20 ;400%; 4540.80 ; 4540.80 ; 4540.80 ; 4540.80 ; 4540.80 ; 4540.80 ; 6811.20 ; 6811.20 ; -   ; -   ; -   ; -   
2021;1;SOCIEDADE AMERICA DE EDUCACAO LTDA;15805;12408344000113;Faculdade Amï¿½rica;17749;Faculdade ;ES;Cachoeiro de Itapemirim;UNIDADE SEDE;1059646;Cachoeiro de Itapemirim;ES;Cachoeiro de Itapemirim;32012;3204;Sul Espï¿½rito-santense;CURSOS DA ï¿½REA DE ENGENHARIA E CIï¿½NCIA DA COMPUTAï¿½ï¿½O;ENGENHARIA CIVIL E AMBIENTAL, ARQUITETURA E CURSOS RELACIONADOS;120116; 498.96 ;1189947;ARQUITETURA E URBANISMO;NOTURNO;Bacharelado;3;100;15;5;3; 73200.00 ; 7320.00 ; 7320.00 ; 7320.00 ; 7320.00 ; 7320.00 ; 7320.00 ; 7320.00 ; 7320.00 ; 7320.00 ; 7320.00 ; -   ; -   ; 73200.00 ;100%; 7320.00 ; 7320.00 ; 7320.00 ; 7320.00 ; 7320.00 ; 7320.00 ; 7320.00 ; 7320.00 ; 7320.00 ; 7320.00 ; -   ; -   
2021;1;FUNDACAO CULTURAL DE ARAXA;78;17806696000140;CENTRO UNIVERSITï¿½RIO DO PLANALTO DE ARAXï¿½;1575;Centro Universitï¿½rio;MG;Araxï¿½;CAMPUS  - ARAXï¿½ - Sï¿½O GERALDO;658592;Araxï¿½;MG;Araxï¿½;31023;3105;Triï¿½ngulo Mineiro/Alto Paranaï¿½ba;DIVERSAS ï¿½REAS;ADMINISTRAï¿½ï¿½O, ADMINISTRAï¿½ï¿½O Pï¿½BLICA, GESTï¿½O, LOGï¿½STICA, NEGï¿½CIOS E CURSOS RELACIONADOS;119641; 516.66 ;108658;GESTï¿½O DE RECURSOS HUMANOS;NOTURNO;Tecnolï¿½gico;4;60;18;0;0; 18509.04 ; 4627.26 ; 4627.26 ; 4627.26 ; 4627.26 ; -   ; -   ; -   ; -   ; -   ; -   ; -   ; -   ; 18509.04 ;2%; 4627.26 ; 4627.26 ; 4627.26 ; 4627.26 ; -   ; -   ; -   ; -   ; -   ; -   ; -   ; -   
2021;1;ANTARES EDUCACIONAL S.A.;121;34185306000181;UNIVERSIDADE VEIGA DE ALMEIDA;165;Universidade;RJ;Rio de Janeiro;Unidade SEDE;657759;Rio de Janeiro;RJ;Rio de Janeiro;33018;3306;Metropolitana do Rio de Janeiro;CURSOS DA ï¿½REA DE ENGENHARIA E CIï¿½NCIA DA COMPUTAï¿½ï¿½O;CIï¿½NCIA DA COMPUTAï¿½ï¿½O E SISTEMAS DE INFORMAï¿½ï¿½O E CURSOS RELACIONADOS;120248; 477.22 ;1258875;SISTEMAS DE INFORMAï¿½ï¿½O;NOTURNO;Bacharelado;4;60;24;7;1; 78522.70 ; 7792.38 ; 8298.89 ; 8838.31 ; 9412.80 ; 10024.64 ; 10676.24 ; 11370.19 ; 12109.25 ; -   ; -   ; -   ; -   ; 78522.70 ;200%; 7792.38 ; 8298.89 ; 8838.31 ; 9412.80 ; 10024.64 ; 10676.24 ; 11370.19 ; 12109.25 ; -   ; -   ; -   ; -   
2021;1;ASSOCIACAO EDUCACIONAL NOVE DE JULHO;222;43374768000138;UNIVERSIDADE NOVE DE JULHO;316;Universidade;SP;Sï¿½o Paulo;UNIDADE VERGUEIRO SEDE;706703;Sï¿½o Paulo;SP;Sï¿½o Paulo;35061;3515;Metropolitana de Sï¿½o Paulo;CURSOS DA ï¿½REA DE ENGENHARIA E CIï¿½NCIA DA COMPUTAï¿½ï¿½O;ENGENHARIA ELï¿½TRICA, ELETRï¿½NICA, DA COMPUTAï¿½ï¿½O E CURSOS RELACIONADOS;120940; 568.54 ;117066;ENGENHARIA ELï¿½TRICA;NOTURNO;Bacharelado;4;70;28;28;0; 97260.00 ; 9726.00 ; 9726.00 ; 9726.00 ; 9726.00 ; 9726.00 ; 9726.00 ; 9726.00 ; 9726.00 ; 9726.00 ; 9726.00 ; -   ; -   ; 62985.00 ;120%; 3315.00 ; 3906.00 ; 5142.00 ; 5142.00 ; 6498.00 ; 6498.00 ; 7446.00 ; 7446.00 ; 8796.00 ; 8796.00 ; -   ; -   
2021;1;LAEL VARELLA EDUCACAO E CULTURA LTDA;2025;03466623000223;FACULDADE DE MINAS BH;3194;Faculdade ;MG;Belo Horizonte;FAMINAS - BH;659414;Belo Horizonte;MG;Belo Horizonte;31030;3107;Metropolitana de Belo Horizonte;DIVERSAS ï¿½REAS;CIï¿½NCIAS BIOLï¿½GICAS (BEL), BIOMEDICINA, BIOTECNOLOGIA E CURSOS RELACIONADOS;119756; 580.72 ;1029207;BIOMEDICINA;NOTURNO;Bacharelado;4;60;24;24;8; 46041.96 ; 5427.48 ; 5169.12 ; 5169.12 ; 5169.12 ; 5169.12 ; 5169.12 ; 7384.44 ; 7384.44 ; -   ; -   ; -   ; -   ; 46041.96 ;200%; 5427.48 ; 5169.12 ; 5169.12 ; 5169.12 ; 5169.12 ; 5169.12 ; 7384.44 ; 7384.44 ; -   ; -   ; -   ; -   
2021;1;ASSOCIACAO DE ENSINO IMPERIUM;17411;32887438000120;UNIVERSIDADE IBIRAPUERA;458;Universidade;SP;Sï¿½o Paulo;UNIDADE SEDE - CHï¿½CARA FLORA;3507;Sï¿½o Paulo;SP;Sï¿½o Paulo;35061;3515;Metropolitana de Sï¿½o Paulo;CURSOS DA AREA DE SAUDE;ENFERMAGEM, FISIOTERAPIA, FARMï¿½CIA, NUTRIï¿½ï¿½O E CURSOS RELACIONADOS;120921; 559.88 ;123652;FARMï¿½CIA;NOTURNO;Bacharelado;4;160;64;0;0; 108221.82 ; 8632.80 ; 8632.80 ; 9150.78 ; 8769.48 ; 9207.96 ; 9295.68 ; 13109.64 ; 13234.50 ; 14027.28 ; 14160.90 ; -   ; -   ; 83160.60 ;100%; 7194.00 ; 7194.00 ; 7625.64 ; 7625.64 ; 8006.94 ; 8083.20 ; 8998.50 ; 9084.24 ; 9628.38 ; 9720.06 ; -   ; -   
2021;1;ASSUPERO ENSINO SUPERIOR LTDA.;2415;06099229000101;UNIVERSIDADE PAULISTA;322;Universidade;SP;Sï¿½o Paulo;CIDADE UNIVERSITï¿½RIA;2642;Sï¿½o Paulo;SP;Sï¿½o Paulo;35061;3515;Metropolitana de Sï¿½o Paulo;CURSOS DA AREA DE SAUDE;ENFERMAGEM, FISIOTERAPIA, FARMï¿½CIA, NUTRIï¿½ï¿½O E CURSOS RELACIONADOS;120921; 559.88 ;69859;NUTRIï¿½ï¿½O;NOTURNO;Bacharelado;4;115;46;69;0; 36608.09 ; 5627.93 ; 4242.63 ; 3946.50 ; 4276.51 ; 4628.63 ; 4628.63 ; 4628.63 ; 4628.63 ; -   ; -   ; -   ; -   ; 28312.20 ;250%; 3939.55 ; 3068.69 ; 2854.51 ; 3186.81 ; 3815.66 ; 3815.66 ; 3815.66 ; 3815.66 ; -   ; -   ; -   ; -   
