Ano;Semestre;Nome Mantenedora;Cï¿½digo e-MEC da Mantenedora;CNPJ da mantenedora;Nome da IES;Cï¿½digo e-MEC da IES;Organizaï¿½ï¿½o Acadï¿½mica da IES;UF da IES;Municï¿½pio da IES;Nome do Local de oferta;Cï¿½digo do Local de Oferta;Municï¿½pio do Local de Oferta;UF do Local de Oferta;Nome da Microrregiï¿½o;Cï¿½digo da Microrregiï¿½o;Cï¿½digo da Mesorregiï¿½o;Nome da Mesorregiï¿½o;ï¿½rea do conhecimento;Subï¿½rea do conhecimento;Cï¿½digo do Grupo de Preferï¿½ncia;Nota de Corte Grupo Preferï¿½ncia;Cï¿½digo do Curso;Nome do Curso;Turno;Grau;Conceito;Vagas autorizadas e-mec;Vagas ofertadas FIES;Vagas alï¿½m da Oferta;Vagas ocupadas;Valor bruto do curso;1 Semestre Bruto;2 Semestre Bruto;3 Semestre Bruto;4 Semestre Bruto;5 Semestre Bruto;6 Semestre Bruto;7 Semestre Bruto;8 Semestre Bruto;9 Semestre Bruto;10 Semestre Bruto;11 Semestre Bruto;12 Semestre Bruto;Valor do curso para o FIES;ï¿½ndice de correï¿½ï¿½o - IPCA;1 Semestre FIES;2 Semestre FIES;3 Semestre FIES;4 Semestre FIES;5 Semestre FIES;6 Semestre FIES;7 Semestre FIES;8 Semestre FIES;9 Semestre FIES;10 Semestre FIES;11 Semestre FIES;12 Semestre FIES
2021;1;INSTITUTO LEAO SAMPAIO DE ENSINO UNIVERSITARIO LTDA;1149;02391959000120;CENTRO UNIVERSITÃRIO DOUTOR LEÃ¿O SAMPAIO;1735;Centro Universitï¿½rio;CE;Juazeiro do Norte;UNIDADE SAÃDE;4201;Juazeiro do Norte;CE;Cariri;23032;2307;Sul Cearense;DIVERSAS ï¿½REAS;CIï¿½NCIAS BIOLï¿½GICAS (BEL), BIOMEDICINA, BIOTECNOLOGIA E CURSOS RELACIONADOS;118659;491,94;90434;BIOMEDICINA;NOTURNO;Bacharelado;4;50;20;20;9;88.139,64;9.499,38;10.863,30;10.863,24;10.863,24;10.863,18;10.863,12;12.091,26;12.232,92;-;-;-;-;77.721,54;250%;8.376,55;9.579,26;9.579,21;9.579,21;9.579,15;9.579,10;10.662,07;10.786,99;-;-;-;-
2021;1;UPPRIMORE SISTEMA EDUCACIONAL LTDA;17399;30891927000120;Faculdade Educamais;4995;Faculdade;SP;Sï¿½o Paulo;UNIDADE SEDE;659982;Sï¿½o Paulo;SP;Sï¿½o Paulo;35061;3515;Metropolitana de Sï¿½o Paulo;DIVERSAS ï¿½REAS;CIï¿½NCIAS SOCIAIS, POLï¿½TICAS, ECONï¿½MICAS E CONTï¿½BEIS, PSICOLOGIA E SECRETARIADO;120993;590,16;115716;CIï¿½NCIAS CONTï¿½BEIS;NOTURNO;Bacharelado;3;160;40;100;0;39.960,00;4.500,00;4.500,00;4.815,00;4.815,00;5.152,00;5.152,00;5.513,00;5.513,00;-;-;-;-;39.960,00;0%;4.500,00;4.500,00;4.815,00;4.815,00;5.152,00;5.152,00;5.513,00;5.513,00;-;-;-;-
2021;1;SOCIEDADE EDUCACIONAL CESAR VIEIRA DINIZ - PETROLINA LTDA;16313;20880868000130;Faculdade do Vale do Sï¿½o Francisco;19674;Faculdade;PE;Petrolina;CAMPUS PRINCIPAL;1070116;Petrolina;PE;Petrolina;26005;2602;Sï¿½o Francisco Pernambucano;DIVERSAS ï¿½REAS;ADMINISTRAï¿½ï¿½O, ADMINISTRAï¿½ï¿½O Pï¿½BLICA, GESTï¿½O, LOGï¿½STICA, NEGï¿½CIOS E CURSOS RELACIONADOS;118899;529,46;1304648;ADMINISTRAï¿½ï¿½O;NOTURNO;Bacharelado;4;100;40;22;0;41.760,00;5.220,00;5.220,00;5.220,00;5.220,00;5.220,00;5.220,00;5.220,00;5.220,00;-;-;-;-;41.760,00;100%;5.220,00;5.220,00;5.220,00;5.220,00;5.220,00;5.220,00;5.220,00;5.220,00;-;-;-;-
2021;1;IREP SOCIEDADE DE ENSINO SUPERIOR, MEDIO E FUNDAMENTAL LTDA.;545;02608755000107;Faculdade Estï¿½cio de Alagoas - Estï¿½cio FAL;1298;Faculdade;AL;Maceiï¿½;UNIDADE JATIï¿½CA;1006627;Maceiï¿½;AL;Maceiï¿½;27011;2703;Leste Alagoano;DIVERSAS ï¿½REAS;ADMINISTRAï¿½ï¿½O, ADMINISTRAï¿½ï¿½O Pï¿½BLICA, GESTï¿½O, LOGï¿½STICA, NEGï¿½CIOS E CURSOS RELACIONADOS;119104;505,96;19848;ADMINISTRAï¿½ï¿½O;MATUTINO;Bacharelado;3;50;15;35;0;32.907,44;4.113,43;4.113,43;4.113,43;4.113,43;4.113,43;4.113,43;4.113,43;4.113,43;-;-;-;-;23.035,20;500%;2.879,40;2.879,40;2.879,40;2.879,40;2.879,40;2.879,40;2.879,40;2.879,40;-;-;-;-
2021;1;SERVICOS EDUCACIONAIS DO LITORAL PAULISTA LTDA.;1247;03931429000190;FACULDADE DO LITORAL SUL PAULISTA;1898;Faculdade;SP;Praia Grande;CANTO DO FORTE;658856;Praia Grande;SP;Santos;35063;3515;Metropolitana de Sï¿½o Paulo;CURSOS DA ï¿½REA DE LICENCIATURA, PEDAGOGIA E NORMAL SUPERIOR;PEDAGOGIA;120964;549,28;101747;PEDAGOGIA;NOTURNO;Licenciatura;4;150;10;0;0;42.000,00;6.000,00;6.000,00;6.000,00;6.000,00;6.000,00;6.000,00;6.000,00;-;-;-;-;-;39.900,00;100%;5.700,00;5.700,00;5.700,00;5.700,00;5.700,00;5.700,00;5.700,00;-;-;-;-;-
2021;1;OPET ORGANIZACAO PARANAENSE DE ENSINO TECNICO LTDA;844;75118406000172;CENTRO UNIVERSITï¿½RIO OPET;5403;Centro Universitï¿½rio;PR;Curitiba;NOVA SEDE: REBOUï¿½AS;1926;Curitiba;PR;Curitiba;41037;4110;Metropolitana de Curitiba;DIVERSAS ï¿½REAS;ADMINISTRAï¿½ï¿½O, ADMINISTRAï¿½ï¿½O Pï¿½BLICA, GESTï¿½O, LOGï¿½STICA, NEGï¿½CIOS E CURSOS RELACIONADOS;121354;566,22;76047;PROCESSOS GERENCIAIS;NOTURNO;Tecnolï¿½gico;4;180;13;0;0;17.407,36;4.194,00;4.194,00;4.509,68;4.509,68;-;-;-;-;-;-;-;-;17.407,36;100%;4.194,00;4.194,00;4.509,68;4.509,68;-;-;-;-;-;-;-;-
2021;1;FACULDADES METROPOLITANAS UNIDAS EDUCACIONAIS LTDA.;262;63063689000113;CENTRO UNIVERSITï¿½RIO DAS FACULDADES METROPOLITANAS UNIDAS;374;Centro Universitï¿½rio;SP;Sï¿½o Paulo;FMU - SANTO AMARO;706435;Sï¿½o Paulo;SP;Sï¿½o Paulo;35061;3515;Metropolitana de Sï¿½o Paulo;CURSOS DA AREA DE SAUDE;SERVIï¿½O SOCIAL, FONOAUDIOLOGIA, TERAPIA OCUPACIONAL E CURSOS RELACIONADOS;120924;457,42;49697;FONOAUDIOLOGIA;MATUTINO;Bacharelado;3;60;13;13;1;59.224,44;7.620,00;6.728,88;6.303,12;6.424,38;7.471,68;7.294,56;8.489,04;8.892,78;-;-;-;-;59.224,44;200%;7.620,00;6.728,88;6.303,12;6.424,38;7.471,68;7.294,56;8.489,04;8.892,78;-;-;-;-
2021;1;IME INSTITUTO METROPOLITANO DE ENSINO LTDA;1416;03817341000142;Centro Universitï¿½rio CEUNI - FAMETRO;2147;Centro Universitï¿½rio;AM;Manaus;UNIDADES 1/2;659007;Manaus;AM;Manaus;13007;1303;Centro Amazonense;CURSOS DA ï¿½REA DE ENGENHARIA E CIï¿½NCIA DA COMPUTAï¿½ï¿½O;ENGENHARIA ELï¿½TRICA, ELETRï¿½NICA, DA COMPUTAï¿½ï¿½O E CURSOS RELACIONADOS;117966;607,30;1458137;ENGENHARIA DE CONTROLE E AUTOMAï¿½ï¿½O;MATUTINO;Bacharelado;Autorizado;100;25;0;0;72.000,00;7.200,00;7.200,00;7.200,00;7.200,00;7.200,00;7.200,00;7.200,00;7.200,00;7.200,00;7.200,00;-;-;39.416,69;100%;3.300,00;3.300,00;3.300,00;4.216,67;4.216,67;4.216,67;4.216,67;4.216,67;4.216,67;4.216,67;-;-
2021;1;IME INSTITUTO METROPOLITANO DE ENSINO LTDA;1416;03817341000142;Centro Universitï¿½rio CEUNI - FAMETRO;2147;Centro Universitï¿½rio;AM;Manaus;UNIDADES 1/2;659007;Manaus;AM;Manaus;13007;1303;Centro Amazonense;DIVERSAS ï¿½REAS;ADMINISTRAï¿½ï¿½O, ADMINISTRAï¿½ï¿½O Pï¿½BLICA, GESTï¿½O, LOGï¿½STICA, NEGï¿½CIOS E CURSOS RELACIONADOS;118005;544,56;1150707;GESTï¿½O DA QUALIDADE;NOTURNO;Tecnolï¿½gico;4;120;48;0;0;16.266,68;4.066,67;4.066,67;4.066,67;4.066,67;-;-;-;-;-;-;-;-;7.852,78;100%;1.863,89;1.863,89;1.863,89;2.261,11;-;-;-;-;-;-;-;-
2021;1;ANHANGUERA EDUCACIONAL PARTICIPACOES S/A;16452;04310392000146;CENTRO UNIVERSITÃRIO ANHANGUERA PITÃGORAS AMPLI;242;Centro Universitï¿½rio;SP;Santo Andrï¿½;CAMPUS- SANTO ANDRï¿½ - CENTRO;657799;Santo Andrï¿½;SP;Sï¿½o Paulo;35061;3515;Metropolitana de Sï¿½o Paulo;CURSOS DA AREA DE SAUDE;ENFERMAGEM, FISIOTERAPIA, FARMï¿½CIA, NUTRIï¿½ï¿½O E CURSOS RELACIONADOS;120919;539,98;1295984;FARMÃCIA;MATUTINO;Bacharelado;Autorizado;75;18;57;0;59.473,50;7.541,76;6.792,84;7.058,34;5.253,60;8.018,16;5.801,40;6.553,20;4.151,40;4.151,40;4.151,40;-;-;37.377,16;125%;4.013,46;3.804,00;3.844,80;2.582,82;5.673,87;4.074,35;4.637,21;2.915,55;2.915,55;2.915,55;-;-
2021;1;ANHANGUERA EDUCACIONAL PARTICIPACOES S/A;16452;04310392000146;FACULDADE ANHANGUERA DE JOINVILLE;5668;Faculdade;SC;Joinville;CAMPUS- JOINVILLE - GLï¿½RIA;660101;Joinville;SC;Joinville;42008;4202;Norte Catarinense;DIVERSAS ï¿½REAS;ADMINISTRAï¿½ï¿½O, ADMINISTRAï¿½ï¿½O Pï¿½BLICA, GESTï¿½O, LOGï¿½STICA, NEGï¿½CIOS E CURSOS RELACIONADOS;121441;634,12;48553;ADMINISTRAï¿½ï¿½O;NOTURNO;Bacharelado;3;315;94;221;0;70.428,78;7.584,36;7.490,64;9.063,06;8.439,24;9.542,76;9.174,00;10.251,12;8.883,60;-;-;-;-;46.720,20;125%;4.854,00;4.794,00;5.642,30;4.741,38;6.752,70;6.442,92;7.253,96;6.238,94;-;-;-;-
2021;1;IREP SOCIEDADE DE ENSINO SUPERIOR, MEDIO E FUNDAMENTAL LTDA.;545;02608755000107;Centro Universitï¿½rio Estï¿½cio de Sï¿½o Paulo;793;Centro Universitï¿½rio;SP;Sï¿½o Paulo;INTERLAGOS;25759;Sï¿½o Paulo;SP;Sï¿½o Paulo;35061;3515;Metropolitana de Sï¿½o Paulo;CURSOS DA ï¿½REA DE LICENCIATURA, PEDAGOGIA E NORMAL SUPERIOR;HISTï¿½RIA (LIC), GEOGRAFIA (LIC), EDUCAï¿½ï¿½O Fï¿½SICA (LIC) E CURSOS RELACIONADOS;120958;574,98;111786;EDUCAï¿½ï¿½O Fï¿½SICA;NOTURNO;Bacharelado;4;80;32;48;0;38.393,12;4.799,14;4.799,14;4.799,14;4.799,14;4.799,14;4.799,14;4.799,14;4.799,14;-;-;-;-;26.875,20;500%;3.359,40;3.359,40;3.359,40;3.359,40;3.359,40;3.359,40;3.359,40;3.359,40;-;-;-;-
2021;1;ANHANGUERA EDUCACIONAL PARTICIPACOES S/A;16452;04310392000146;FACULDADE ANHANGUERA DE JOINVILLE;5668;Faculdade;SC;Joinville;CAMPUS- JOINVILLE - GLï¿½RIA;660101;Joinville;SC;Joinville;42008;4202;Norte Catarinense;CURSOS DA ï¿½REA DE ENGENHARIA E CIï¿½NCIA DA COMPUTAï¿½ï¿½O;ENGENHARIA DE PRODUï¿½ï¿½O, DE MATERIAIS E CURSOS RELACIONADOS;121419;630,28;1069693;ENGENHARIA DE PRODUï¿½ï¿½O;NOTURNO;Bacharelado;3;120;36;84;0;104.688,06;7.490,64;8.428,14;10.712,76;8.791,20;10.914,60;10.296,00;11.518,44;12.203,40;13.277,88;11.055,00;-;-;70.631,60;125%;4.794,00;5.394,00;6.669,31;4.939,11;7.723,44;7.230,87;8.150,72;8.570,43;9.395,78;7.763,94;-;-
2021;1;ANHANGUERA EDUCACIONAL PARTICIPACOES S/A;16452;04310392000146;FACULDADE ANHANGUERA DE JOINVILLE;5668;Faculdade;SC;Joinville;CAMPUS- JOINVILLE - GLï¿½RIA;660101;Joinville;SC;Joinville;42008;4202;Norte Catarinense;CURSOS DA ï¿½REA DE ENGENHARIA E CIï¿½NCIA DA COMPUTAï¿½ï¿½O;ENGENHARIA ELï¿½TRICA, ELETRï¿½NICA, DA COMPUTAï¿½ï¿½O E CURSOS RELACIONADOS;121423;;1303513;ENGENHARIA ELï¿½TRICA;NOTURNO;Bacharelado;3;210;63;147;0;104.239,44;7.490,64;8.428,14;10.712,76;8.791,20;10.914,60;9.781,20;10.944,42;12.203,40;13.277,88;11.695,20;-;-;70.313,50;125%;4.794,00;5.394,00;6.669,31;4.939,11;7.723,44;6.869,34;7.744,55;8.570,43;9.395,78;8.213,54;-;-
2021;1;CENESUP - CENTRO NACIONAL DE ENSINO SUPERIOR LTDA;2405;05474470000100;CENTRO UNIVERSITï¿½RIO DO NORTE;1422;Centro Universitï¿½rio;AM;Manaus;UNIDADE CIDADE NOVA;1081198;Manaus;AM;Manaus;13007;1303;Centro Amazonense;DIVERSAS ï¿½REAS;DIREITO, COMï¿½RCIO EXTERIOR, BIBLIOTECONOMIA E CURSOS RELACIONADOS;117997;608,76;1385083;DIREITO;VESPERTINO;Bacharelado;4;50;20;0;2;102.513,00;10.251,30;10.251,30;10.251,30;10.251,30;10.251,30;10.251,30;10.251,30;10.251,30;10.251,30;10.251,30;-;-;41.005,20;140%;4.100,52;4.100,52;4.100,52;4.100,52;4.100,52;4.100,52;4.100,52;4.100,52;4.100,52;4.100,52;-;-
2021;1;IGESP EDUCACAO E SAUDE LTDA;16701;25046750000125;Faculdade de Ciï¿½ncias da Saï¿½de IGESP;21764;Faculdade;SP;Sï¿½o Paulo;CAMPUS PRINCIPAL;1077883;Sï¿½o Paulo;SP;Sï¿½o Paulo;35061;3515;Metropolitana de Sï¿½o Paulo;CURSOS DA AREA DE SAUDE;ENFERMAGEM, FISIOTERAPIA, FARMï¿½CIA, NUTRIï¿½ï¿½O E CURSOS RELACIONADOS;120921;559,88;1385497;ENFERMAGEM;MATUTINO;Bacharelado;4;45;15;0;1;58.800,00;5.880,00;5.880,00;5.880,00;5.880,00;5.880,00;5.880,00;5.880,00;5.880,00;5.880,00;5.880,00;-;-;55.860,00;4%;5.586,00;5.586,00;5.586,00;5.586,00;5.586,00;5.586,00;5.586,00;5.586,00;5.586,00;5.586,00;-;-
2021;1;CENTRO EDUCACIONAL MONTES BELOS LTDA;1526;04907186000118;CENTRO UNIVERSITï¿½RIO BRASï¿½LIA DO ESTADO DE GOIï¿½S;2336;Centro Universitï¿½rio;GO;Sï¿½o Luï¿½s de Montes Belos;CAMPUS- Sï¿½O LUï¿½S DE MONTES BELOS - SETOR UNIVERSITï¿½RIO;659096;Sï¿½o Luï¿½s de Montes Belos;GO;Anicuns;52009;5203;Centro Goiano;CURSOS DA ï¿½REA DE ENGENHARIA E CIï¿½NCIA DA COMPUTAï¿½ï¿½O;ENGENHARIA CIVIL E AMBIENTAL, ARQUITETURA E CURSOS RELACIONADOS;122072;612,86;1261240;ENGENHARIA CIVIL;MATUTINO;Bacharelado;3;50;15;35;0;104.490,00;10.449,00;10.449,00;10.449,00;10.449,00;10.449,00;10.449,00;10.449,00;10.449,00;10.449,00;10.449,00;-;-;99.690,00;100%;9.969,00;9.969,00;9.969,00;9.969,00;9.969,00;9.969,00;9.969,00;9.969,00;9.969,00;9.969,00;-;-
2021;1;COMPANHIA NILZA CORDEIRO HERDY DE EDUCACAO E CULTURA;326;29403763000165;UNIVERSIDADE DO GRANDE RIO PROFESSOR JOSï¿½ DE SOUZA HERDY;472;Universidade;RJ;Duque de Caxias;POLO NA SEDE;657921;Duque de Caxias;RJ;Rio de Janeiro;33018;3306;Metropolitana do Rio de Janeiro;CURSOS DA AREA DE SAUDE;ENFERMAGEM, FISIOTERAPIA, FARMï¿½CIA, NUTRIï¿½ï¿½O E CURSOS RELACIONADOS;120240;571,78;9723;ENFERMAGEM;NOTURNO;Bacharelado;4;240;10;0;1;83.020,40;8.302,04;8.302,04;8.302,04;8.302,04;8.302,04;8.302,04;8.302,04;8.302,04;8.302,04;8.302,04;-;-;81.360,00;137%;8.136,00;8.136,00;8.136,00;8.136,00;8.136,00;8.136,00;8.136,00;8.136,00;8.136,00;8.136,00;-;-
2021;1;SOEBRAS - SOCIEDADE EDUCATIVA DO BRASIL LTDA;1509;22669915000127;FACULDADE ICESP;4068;Faculdade;DF;Brasï¿½lia;UNIDADE ï¿½GUAS CLARAS;1060898;Brasï¿½lia;DF;Brasï¿½lia;53001;5301;Distrito Federal;CURSOS DA AREA DE SAUDE;ENFERMAGEM, FISIOTERAPIA, FARMï¿½CIA, NUTRIï¿½ï¿½O E CURSOS RELACIONADOS;122194;588,18;1304020;FARMï¿½CIA;NOTURNO;Bacharelado;4;100;40;60;0;104.757,00;10.475,70;10.475,70;10.475,70;10.475,70;10.475,70;10.475,70;10.475,70;10.475,70;10.475,70;10.475,70;-;-;104.757,00;1000%;10.475,70;10.475,70;10.475,70;10.475,70;10.475,70;10.475,70;10.475,70;10.475,70;10.475,70;10.475,70;-;-
2021;1;ASSOCIACAO EDUCACIONAL DE CIENCIAS DA SAUDE - AECISA;2291;05834842000162;FACULDADE PERNAMBUCANA DE SAï¿½DE;3615;Faculdade;PE;Recife;FACULDADE PERNAMBUCANA DE SAï¿½DE;1082268;Recife;PE;Recife;26017;2605;Metropolitana de Recife;CURSOS DA AREA DE SAUDE;ENFERMAGEM, FISIOTERAPIA, FARMï¿½CIA, NUTRIï¿½ï¿½O E CURSOS RELACIONADOS;118975;565,36;106024;FARMï¿½CIA;MATUTINO;Bacharelado;4;60;15;0;2;65.210,94;7.245,66;7.245,66;7.245,66;7.245,66;7.245,66;7.245,66;7.245,66;7.245,66;7.245,66;-;-;-;61.298,10;100%;6.810,90;6.810,90;6.810,90;6.810,90;6.810,90;6.810,90;6.810,90;6.810,90;6.810,90;-;-;-
2021;1;INSTITUICAO EDUCACIONAL MATOGROSSENSE-IEMAT;546;02485183000108;Faculdades Metropolitanas de Cuiabï¿½;21808;Faculdade;MT;Cuiabï¿½;CAMPUS PRINCIPAL;1077994;Cuiabï¿½;MT;Cuiabï¿½;51017;5104;Centro-Sul Mato-grossense;DIVERSAS ï¿½REAS;ADMINISTRAï¿½ï¿½O, ADMINISTRAï¿½ï¿½O Pï¿½BLICA, GESTï¿½O, LOGï¿½STICA, NEGï¿½CIOS E CURSOS RELACIONADOS;121993;;1366579;ADMINISTRAï¿½ï¿½O;MATUTINO;Bacharelado;5;100;50;50;0;71.452,84;7.698,00;7.698,00;8.467,80;8.467,80;9.314,58;9.314,58;10.246,04;10.246,04;-;-;-;-;64.486,20;200%;6.947,45;6.947,45;7.642,19;7.642,19;8.406,41;8.406,41;9.247,05;9.247,05;-;-;-;-
2021;1;INSPETORIA SAO JOAO BOSCO;978;33583592000170;Centro Universitï¿½rio Salesiano;1494;Centro Universitï¿½rio;ES;Vitï¿½ria;UNIDADE SEDE;658526;Vitï¿½ria;ES;Vitï¿½ria;32009;3203;Central Espï¿½rito-santense;DIVERSAS ï¿½REAS;DIREITO, COMï¿½RCIO EXTERIOR, BIBLIOTECONOMIA E CURSOS RELACIONADOS;120091;615,58;1190745;DIREITO;NOTURNO;Bacharelado;4;102;9;0;1;71.580,00;7.158,00;7.158,00;7.158,00;7.158,00;7.158,00;7.158,00;7.158,00;7.158,00;7.158,00;7.158,00;-;-;71.580,00;100%;7.158,00;7.158,00;7.158,00;7.158,00;7.158,00;7.158,00;7.158,00;7.158,00;7.158,00;7.158,00;-;-
2021;1;UNEF UNIDADE DE ENSINO SUPERIOR DE FEIRA DE SANTANA LTDA;1667;03401083000119;FACULDADE DE ENSINO SUPERIOR DA CIDADE DE FEIRA DE SANTANA;2560;Faculdade;BA;Feira de Santana;UNIDADE UNEF - LUIS EDUARDO MAGALHï¿½ES;1058601;Feira de Santana;BA;Feira de Santana;29012;2903;Centro Norte Baiano;CURSOS DA ï¿½REA DE ENGENHARIA E CIï¿½NCIA DA COMPUTAï¿½ï¿½O;ENGENHARIA MECï¿½NICA, AERONï¿½UTICA, NAVAL E CURSOS RELACIONADOS;119258;512,42;1279507;ENGENHARIA MECï¿½NICA;MATUTINO;Bacharelado;3;50;15;35;0;68.400,00;6.840,00;6.840,00;6.840,00;6.840,00;6.840,00;6.840,00;6.840,00;6.840,00;6.840,00;6.840,00;-;-;68.395,00;1000%;6.839,50;6.839,50;6.839,50;6.839,50;6.839,50;6.839,50;6.839,50;6.839,50;6.839,50;6.839,50;-;-
2021;1;INSTITUTO METODISTA IZABELA HENDRIX;154;17217191000140;CENTRO UNIVERSITï¿½RIO METODISTA IZABELA HENDRIX;216;Centro Universitï¿½rio;MG;Belo Horizonte;UNIDADE SEDE;138155;Belo Horizonte;MG;Belo Horizonte;31030;3107;Metropolitana de Belo Horizonte;DIVERSAS ï¿½REAS;DANï¿½A, TEOLOGIA, Mï¿½DIAS SOCIAIS, DESIGN DE INTERIORES E CURSOS RELACIONADOS;119737;531,48;97770;DESIGN DE INTERIORES;NOTURNO;Tecnolï¿½gico;4;40;16;0;0;16.038,58;3.922,84;4.038,58;4.038,58;4.038,58;-;-;-;-;-;-;-;-;15.798,00;200%;3.864,00;3.978,00;3.978,00;3.978,00;-;-;-;-;-;-;-;-
2021;1;INSTITUICAO DE ENSINO RIZZO, ALVES DA SILVA & PERES IGNACIO LTDA;16410;12927606000156;Faculdade Van Gogh;20586;Faculdade;SP;Sï¿½o Paulo;FVG;1112308;Sï¿½o Paulo;SP;Sï¿½o Paulo;35061;3515;Metropolitana de Sï¿½o Paulo;DIVERSAS ï¿½REAS;ADMINISTRAï¿½ï¿½O, ADMINISTRAï¿½ï¿½O Pï¿½BLICA, GESTï¿½O, LOGï¿½STICA, NEGï¿½CIOS E CURSOS RELACIONADOS;120998;553,52;1331184;ADMINISTRAï¿½ï¿½O;MATUTINO;Bacharelado;4;40;16;0;0;49.719,76;5.370,00;5.370,00;5.897,87;5.897,87;6.477,63;6.477,63;7.114,38;7.114,38;-;-;-;-;47.233,78;100%;5.101,50;5.101,50;5.602,98;5.602,98;6.153,75;6.153,75;6.758,66;6.758,66;-;-;-;-
2021;1;SOCIEDADE PAULISTA DE ENSINO E PESQUISA S/S LTDA;16298;04302037000125;Universidade Universus Veritas Guarulhos;481;Universidade;SP;Guarulhos;GUARULHOS CENTRO;103202;Guarulhos;SP;Guarulhos;35059;3515;Metropolitana de Sï¿½o Paulo;DIVERSAS ï¿½REAS;ADMINISTRAï¿½ï¿½O, ADMINISTRAï¿½ï¿½O Pï¿½BLICA, GESTï¿½O, LOGï¿½STICA, NEGï¿½CIOS E CURSOS RELACIONADOS;120999;453,94;110444;GESTï¿½O FINANCEIRA;NOTURNO;Tecnolï¿½gico;5;120;60;0;0;17.363,28;4.340,82;4.340,82;4.340,82;4.340,82;-;-;-;-;-;-;-;-;6.945,32;140%;1.736,33;1.736,33;1.736,33;1.736,33;-;-;-;-;-;-;-;-
2021;1;INSTITUTO SANTANENSE DE ENSINO SUPERIOR;316;62881099000135;CENTRO UNIVERSITï¿½RIO SANT ANNA;456;Centro Universitï¿½rio;SP;Sï¿½o Paulo;CAMPUS- Sï¿½O PAULO - SANTANA;657908;Sï¿½o Paulo;SP;Sï¿½o Paulo;35061;3515;Metropolitana de Sï¿½o Paulo;DIVERSAS ï¿½REAS;Mï¿½SICA, FOTOGRAFIA, PRODUï¿½ï¿½O MULTIMï¿½DIA E CURSOS RELACIONADOS;120978;504,08;116218;Mï¿½SICA;NOTURNO;Licenciatura;4;140;56;84;1;36.384,00;4.548,00;4.548,00;4.548,00;4.548,00;4.548,00;4.548,00;4.548,00;4.548,00;-;-;-;-;36.384,00;1000%;4.548,00;4.548,00;4.548,00;4.548,00;4.548,00;4.548,00;4.548,00;4.548,00;-;-;-;-
2021;1;SOCIEDADE ASSISTENCIAL DE EDUCACAO E CULTURA;107;45099843000125;CENTRO UNIVERSITï¿½RIO DO NORTE PAULISTA;1129;Centro Universitï¿½rio;SP;Sï¿½o Josï¿½ do Rio Preto;UNIDADE I: UNORP - SEDE;658273;Sï¿½o Josï¿½ do Rio Preto;SP;Sï¿½o Josï¿½ do Rio Preto;35004;3501;Sï¿½o Josï¿½ do Rio Preto;CURSOS DA ï¿½REA DE ENGENHARIA E CIï¿½NCIA DA COMPUTAï¿½ï¿½O;ENGENHARIA ELï¿½TRICA, ELETRï¿½NICA, DA COMPUTAï¿½ï¿½O E CURSOS RELACIONADOS;120341;529,46;121147;ENGENHARIA ELï¿½TRICA;NOTURNO;Bacharelado;3;80;2;0;0;49.140,00;4.914,00;4.914,00;4.914,00;4.914,00;4.914,00;4.914,00;4.914,00;4.914,00;4.914,00;4.914,00;-;-;37.800,00;100%;3.780,00;3.780,00;3.780,00;3.780,00;3.780,00;3.780,00;3.780,00;3.780,00;3.780,00;3.780,00;-;-
2021;1;INSTITUTO ENSINAR BRASIL;218;19322494000159;Faculdade Doctum de Joï¿½o Monlevade;1558;Faculdade;MG;Joï¿½o Monlevade;UNIDADE SEDE;658578;Joï¿½o Monlevade;MG;Itabira;31031;3107;Metropolitana de Belo Horizonte;DIVERSAS ï¿½REAS;DIREITO, COMï¿½RCIO EXTERIOR, BIBLIOTECONOMIA E CURSOS RELACIONADOS;119744;605,92;37891;DIREITO;NOTURNO;Bacharelado;4;72;10;0;2;83.073,00;8.307,30;8.307,30;8.307,30;8.307,30;8.307,30;8.307,30;8.307,30;8.307,30;8.307,30;8.307,30;-;-;78.919,30;9%;7.891,93;7.891,93;7.891,93;7.891,93;7.891,93;7.891,93;7.891,93;7.891,93;7.891,93;7.891,93;-;-
2021;1;SOCIEDADE EDUCACIONAL SANTA RITA S.A.;943;91109660000160;CENTRO UNIVERSITï¿½RIO DA SERRA GAï¿½CHA;1427;Centro Universitï¿½rio;RS;Caxias do Sul;CENTRO UNIVERSITï¿½RIO DA SERRA GAï¿½CHA (FSG);136755;Caxias do Sul;RS;Caxias do Sul;43016;4302;Nordeste Rio-grandense;DIVERSAS ï¿½REAS;CIï¿½NCIAS SOCIAIS, POLï¿½TICAS, ECONï¿½MICAS E CONTï¿½BEIS, PSICOLOGIA E SECRETARIADO;121645;627,46;87550;CIï¿½NCIAS CONTï¿½BEIS;NOTURNO;Bacharelado;4;120;48;0;0;91.113,44;11.389,18;11.389,18;11.389,18;11.389,18;11.389,18;11.389,18;11.389,18;11.389,18;-;-;-;-;91.113,44;300%;11.389,18;11.389,18;11.389,18;11.389,18;11.389,18;11.389,18;11.389,18;11.389,18;-;-;-;-
2021;1;ASSOCIACAO CARIOCA DE ENSINO SUPERIOR;553;31886146000100;CENTRO UNIVERSITï¿½RIO UNICARIOCA;802;Centro Universitï¿½rio;RJ;Rio de Janeiro;UNIDADE SEDE;658113;Rio de Janeiro;RJ;Rio de Janeiro;33018;3306;Metropolitana do Rio de Janeiro;CURSOS DA ï¿½REA DE ENGENHARIA E CIï¿½NCIA DA COMPUTAï¿½ï¿½O;CIï¿½NCIA DA COMPUTAï¿½ï¿½O E SISTEMAS DE INFORMAï¿½ï¿½O E CURSOS RELACIONADOS;120248;477,22;118168;ANï¿½LISE E DESENVOLVIMENTO DE SISTEMAS;MATUTINO;Tecnolï¿½gico;4;50;20;0;0;43.806,13;6.442,08;7.472,81;7.472,81;7.472,81;7.472,81;7.472,81;-;-;-;-;-;-;43.806,13;100%;6.442,08;7.472,81;7.472,81;7.472,81;7.472,81;7.472,81;-;-;-;-;-;-
2021;1;FACULDADE VALE DO ACO LTDA;15886;12513048000182;FACULDADE VALE DO Aï¿½O;18253;Faculdade;MA;Aï¿½ailï¿½ndia;UNIDADE SEDE;1061725;Aï¿½ailï¿½ndia;MA;Imperatriz;21009;2102;Oeste Maranhense;CURSOS DA ï¿½REA DE LICENCIATURA, PEDAGOGIA E NORMAL SUPERIOR;PEDAGOGIA;118342;457,76;1404574;PEDAGOGIA;MATUTINO;Licenciatura;5;100;50;50;0;44.628,96;5.578,62;5.578,62;5.578,62;5.578,62;5.578,62;5.578,62;5.578,62;5.578,62;-;-;-;-;29.614,56;100%;3.701,82;3.701,82;3.701,82;3.701,82;3.701,82;3.701,82;3.701,82;3.701,82;-;-;-;-
2021;1;SOCIEDADE DE ENSINO SUPERIOR ESTACIO DE SA LTDA;119;34075739000184;Centro Universitï¿½rio Estï¿½cio de Belo Horizonte - Estï¿½cio BH;1509;Centro Universitï¿½rio;MG;Belo Horizonte;PRADO;2905;Belo Horizonte;MG;Belo Horizonte;31030;3107;Metropolitana de Belo Horizonte;CURSOS DA ï¿½REA DE LICENCIATURA, PEDAGOGIA E NORMAL SUPERIOR;HISTï¿½RIA (LIC), GEOGRAFIA (LIC), EDUCAï¿½ï¿½O Fï¿½SICA (LIC) E CURSOS RELACIONADOS;119722;574,40;366629;EDUCAï¿½ï¿½O Fï¿½SICA;MATUTINO;Bacharelado;3;100;30;70;1;59.650,32;7.456,29;7.456,29;7.456,29;7.456,29;7.456,29;7.456,29;7.456,29;7.456,29;-;-;-;-;41.755,20;500%;5.219,40;5.219,40;5.219,40;5.219,40;5.219,40;5.219,40;5.219,40;5.219,40;-;-;-;-
2021;1;AMC - SERVICOS EDUCACIONAIS LTDA;143;43045772000152;UNIVERSIDADE Sï¿½O JUDAS TADEU;203;Universidade;SP;Sï¿½o Paulo;UNIDADE SEDE;657779;Sï¿½o Paulo;SP;Sï¿½o Paulo;35061;3515;Metropolitana de Sï¿½o Paulo;DIVERSAS ï¿½REAS;MEDICINA VETERINï¿½RIA;121010;553,10;1314224;MEDICINA VETERINÃRIA;MATUTINO;Bacharelado;4;120;48;0;0;240.660,00;24.066,00;24.066,00;24.066,00;24.066,00;24.066,00;24.066,00;24.066,00;24.066,00;24.066,00;24.066,00;-;-;240.660,00;300%;24.066,00;24.066,00;24.066,00;24.066,00;24.066,00;24.066,00;24.066,00;24.066,00;24.066,00;24.066,00;-;-
2021;1;SOCIEDADE DE ENSINO SUPERIOR ESTACIO DE SA LTDA;119;34075739000184;UNIVERSIDADE ESTï¿½CIO DE Sï¿½;163;Universidade;RJ;Rio de Janeiro;NOVA IGUAï¿½U;2744;Nova Iguaï¿½u;RJ;Rio de Janeiro;33018;3306;Metropolitana do Rio de Janeiro;CURSOS DA ï¿½REA DE ENGENHARIA E CIï¿½NCIA DA COMPUTAï¿½ï¿½O;ENGENHARIA DE PRODUï¿½ï¿½O, DE MATERIAIS E CURSOS RELACIONADOS;120250;522,28;1486701;AUTOMAï¿½ï¿½O INDUSTRIAL;MATUTINO;Tecnolï¿½gico;Autorizado;50;12;38;0;27.766,26;4.627,71;4.627,71;4.627,71;4.627,71;4.627,71;4.627,71;-;-;-;-;-;-;19.436,40;500%;3.239,40;3.239,40;3.239,40;3.239,40;3.239,40;3.239,40;-;-;-;-;-;-
2021;1;INSTITUTO DE GESTAO EDUCACIONAL SIGNORELLI LTDA.;3266;07436988000185;FACULDADE INTERNACIONAL SIGNORELLI;5105;Faculdade;RJ;Rio de Janeiro;CAMPUS- RIO DE JANEIRO - FREGUESIA DE JACAREPAGUï¿½;660018;Rio de Janeiro;RJ;Rio de Janeiro;33018;3306;Metropolitana do Rio de Janeiro;CURSOS DA ï¿½REA DE LICENCIATURA, PEDAGOGIA E NORMAL SUPERIOR;PEDAGOGIA;120280;582,06;120127;PEDAGOGIA;NOTURNO;Licenciatura;4;100;10;0;0;52.082,64;5.760,00;6.778,92;6.778,92;5.649,12;6.778,92;6.778,92;6.778,92;6.778,92;-;-;-;-;26.041,32;150%;2.880,00;3.389,46;3.389,46;2.824,56;3.389,46;3.389,46;3.389,46;3.389,46;-;-;-;-
2021;1;INSTITUTO MANTENEDOR DE ENSINO SUPERIOR DA BAHIA LTDA - ME;1564;04670333000189;CENTRO UNIVERSIï¿½RIO UNIFTC DE FEIRA DE SANTANA;1053;Centro Universitï¿½rio;BA;Feira de Santana;CAMPUS- FEIRA DE SANTANA - SIM;658223;Feira de Santana;BA;Feira de Santana;29012;2903;Centro Norte Baiano;DIVERSAS ï¿½REAS;MEDICINA VETERINï¿½RIA;119291;573,18;112532;MEDICINA VETERINï¿½RIA;MATUTINO;Bacharelado;3;100;30;0;6;139.444,20;13.944,42;13.944,42;13.944,42;13.944,42;13.944,42;13.944,42;13.944,42;13.944,42;13.944,42;13.944,42;-;-;139.444,20;200%;13.944,42;13.944,42;13.944,42;13.944,42;13.944,42;13.944,42;13.944,42;13.944,42;13.944,42;13.944,42;-;-
2021;1;AMC - SERVICOS EDUCACIONAIS LTDA;143;43045772000152;UNIVERSIDADE Sï¿½O JUDAS TADEU;203;Universidade;SP;Sï¿½o Paulo;UNIDADE VILA LEOPOLDINA;1095581;Sï¿½o Paulo;SP;Sï¿½o Paulo;35061;3515;Metropolitana de Sï¿½o Paulo;CURSOS DA ï¿½REA DE ENGENHARIA E CIï¿½NCIA DA COMPUTAï¿½ï¿½O;ENGENHARIA ELï¿½TRICA, ELETRï¿½NICA, DA COMPUTAï¿½ï¿½O E CURSOS RELACIONADOS;120938;529,60;1474136;ENGENHARIA DE COMPUTAï¿½ï¿½O;NOTURNO;Bacharelado;Autorizado;40;10;0;0;136.620,00;13.662,00;13.662,00;13.662,00;13.662,00;13.662,00;13.662,00;13.662,00;13.662,00;13.662,00;13.662,00;-;-;136.620,00;300%;13.662,00;13.662,00;13.662,00;13.662,00;13.662,00;13.662,00;13.662,00;13.662,00;13.662,00;13.662,00;-;-
2021;1;ANHANGUERA EDUCACIONAL PARTICIPACOES S/A;16452;04310392000146;FACULDADE ANHANGUERA DE Sï¿½O JOSï¿½-SC;2324;Faculdade;SC;Sï¿½o Josï¿½;UNIDADE SEDE;659091;Sï¿½o Josï¿½;SC;Florianï¿½polis;42016;4205;Grande Florianï¿½polis;CURSOS DA AREA DE SAUDE;ENFERMAGEM, FISIOTERAPIA, FARMï¿½CIA, NUTRIï¿½ï¿½O E CURSOS RELACIONADOS;121509;572,62;1058962;FISIOTERAPIA;NOTURNO;Bacharelado;3;70;21;49;0;82.539,78;9.310,74;7.489,26;7.883,22;7.911,24;8.824,98;7.550,40;7.656,60;8.342,40;9.565,14;8.005,80;-;-;52.386,59;125%;4.793,76;4.194,00;4.294,13;3.889,35;6.244,79;5.302,67;5.418,00;5.858,87;6.768,54;5.622,48;-;-
2021;1;PITAGORAS - SISTEMA DE EDUCACAO SUPERIOR SOCIEDADE LTDA;1204;03239470000109;FACULDADE PITï¿½GORAS DE Sï¿½O LUIZ;4865;Faculdade;MA;Sï¿½o Luï¿½s;UNIDADE ACADï¿½MICA;1056034;Sï¿½o Luï¿½s;MA;Aglomeraï¿½ï¿½o Urbana de Sï¿½o Luï¿½s;21002;2101;Norte Maranhense;DIVERSAS ï¿½REAS;CIï¿½NCIAS SOCIAIS, POLï¿½TICAS, ECONï¿½MICAS E CONTï¿½BEIS, PSICOLOGIA E SECRETARIADO;118298;568,62;123363;PSICOLOGIA;MATUTINO;Bacharelado;4;109;43;66;1;113.094,12;8.521,86;7.865,64;8.712,48;9.143,16;9.324,18;11.820,60;15.328,14;14.348,40;15.469,86;12.559,80;-;-;75.997,83;125%;5.454,00;5.034,00;5.424,05;4.495,01;6.598,04;8.301,60;10.846,58;10.076,90;10.946,88;8.820,77;-;-
2021;1;CESG - CENTRO DE EDUCACAO SUPERIOR DE GUANAMBI LTDA;1329;04097860000146;Centro Universitï¿½rio FG;2023;Centro Universitï¿½rio;BA;Guanambi;Campus FG;1065295;Guanambi;BA;Guanambi;29026;2906;Centro Sul Baiano;CURSOS DA AREA DE SAUDE;ENFERMAGEM, FISIOTERAPIA, FARMï¿½CIA, NUTRIï¿½ï¿½O E CURSOS RELACIONADOS;119443;542,02;1086150;FARMï¿½CIA;MATUTINO;Bacharelado;4;50;20;0;3;75.480,00;7.548,00;7.548,00;7.548,00;7.548,00;7.548,00;7.548,00;7.548,00;7.548,00;7.548,00;7.548,00;-;-;75.480,00;300%;7.548,00;7.548,00;7.548,00;7.548,00;7.548,00;7.548,00;7.548,00;7.548,00;7.548,00;7.548,00;-;-
2021;1;IPE EDUCACIONAL LTDA;245;08679557000102;CENTRO UNIVERSITï¿½RIO DE JOï¿½O PESSOA;352;Centro Universitï¿½rio;PB;Joï¿½o Pessoa;CAMPUS UNIPï¿½;657848;Joï¿½o Pessoa;PB;Joï¿½o Pessoa;25022;2504;Mata Paraibana;CURSOS DA ï¿½REA DE ENGENHARIA E CIï¿½NCIA DA COMPUTAï¿½ï¿½O;ENGENHARIA MECï¿½NICA, AERONï¿½UTICA, NAVAL E CURSOS RELACIONADOS;118818;508,40;1457853;ENGENHARIA MECï¿½NICA;NOTURNO;Bacharelado;Autorizado;100;25;0;0;84.128,40;8.412,84;8.412,84;8.412,84;8.412,84;8.412,84;8.412,84;8.412,84;8.412,84;8.412,84;8.412,84;-;-;72.264,90;300%;5.392,62;3.571,74;4.410,66;8.412,84;8.412,84;8.412,84;8.412,84;8.412,84;8.412,84;8.412,84;-;-
2021;1;ANHANGUERA EDUCACIONAL PARTICIPACOES S/A;16452;04310392000146;CENTRO UNIVERSITÃRIO ANHANGUERA DE CAMPO GRANDE;926;Centro Universitï¿½rio;MS;Campo Grande;CHÃCARA DAS MANSÃ¿ES (SEDE);30981;Campo Grande;MS;Campo Grande;50004;5002;Centro Norte de Mato Grosso do S;DIVERSAS ï¿½REAS;CIï¿½NCIAS SOCIAIS, POLï¿½TICAS, ECONï¿½MICAS E CONTï¿½BEIS, PSICOLOGIA E SECRETARIADO;121833;610,66;1404664;PSICOLOGIA;NOTURNO;Bacharelado;4;100;40;60;0;86.225,58;9.203,58;8.560,74;10.711,26;8.250,00;8.250,00;8.250,00;8.250,00;8.250,00;8.250,00;8.250,00;-;-;44.173,94;125%;5.154,00;4.794,00;5.834,64;4.055,90;4.055,90;4.055,90;4.055,90;4.055,90;4.055,90;4.055,90;-;-
2021;1;INSTITUTO METROPOLITANO DE EDUCACAO E CULTURA LTDA - ME;3550;08814347000180;FACULDADE METROPOLITANA DE ANï¿½POLIS;11544;Faculdade;GO;Anï¿½polis;UNIDADE SEDE;131757;Anï¿½polis;GO;Anï¿½polis;52007;5203;Centro Goiano;CURSOS DA ï¿½REA DE LICENCIATURA, PEDAGOGIA E NORMAL SUPERIOR;PEDAGOGIA;122083;586,96;1204898;PEDAGOGIA;MATUTINO;Licenciatura;4;60;24;36;0;23.627,04;2.953,38;2.953,38;2.953,38;2.953,38;2.953,38;2.953,38;2.953,38;2.953,38;-;-;-;-;21.264,32;100%;2.658,04;2.658,04;2.658,04;2.658,04;2.658,04;2.658,04;2.658,04;2.658,04;-;-;-;-
2021;1;ANHANGUERA EDUCACIONAL PARTICIPACOES S/A;16452;04310392000146;FACULDADE ANHANGUERA DE OSASCO;1345;Faculdade;SP;Osasco;OSASCO;1060971;Osasco;SP;Osasco;35057;3515;Metropolitana de Sï¿½o Paulo;CURSOS DA ï¿½REA DE ENGENHARIA E CIï¿½NCIA DA COMPUTAï¿½ï¿½O;ENGENHARIA MECï¿½NICA, AERONï¿½UTICA, NAVAL E CURSOS RELACIONADOS;120936;522,62;1205567;ENGENHARIA MECï¿½NICA;NOTURNO;Bacharelado;3;50;15;35;0;85.473,48;7.757,16;7.328,58;9.415,08;7.911,24;7.157,10;7.068,60;8.640,72;9.952,80;10.758,00;9.484,20;-;-;54.662,54;125%;4.134,18;4.104,00;5.128,56;3.889,35;5.064,53;4.964,27;6.114,38;6.989,85;7.612,65;6.660,77;-;-
2021;1;IREP SOCIEDADE DE ENSINO SUPERIOR, MEDIO E FUNDAMENTAL LTDA.;545;02608755000107;Faculdade Estï¿½cio do Parï¿½ - Estï¿½cio FAP;2036;Faculdade;PA;Belï¿½m;PARï¿½;658950;Belï¿½m;PA;Belï¿½m;15007;1503;Metropolitana de Belï¿½m;DIVERSAS ï¿½REAS;COMUNICAï¿½ï¿½O SOCIAL, JORNALISMO, PUBLICIDADE, MARKETING E CURSOS RELACIONADOS;118108;523,96;80834;PUBLICIDADE E PROPAGANDA;MATUTINO;Bacharelado;4;100;40;60;2;63.764,56;7.970,57;7.970,57;7.970,57;7.970,57;7.970,57;7.970,57;7.970,57;7.970,57;-;-;-;-;44.635,20;500%;5.579,40;5.579,40;5.579,40;5.579,40;5.579,40;5.579,40;5.579,40;5.579,40;-;-;-;-
2021;1;IREP SOCIEDADE DE ENSINO SUPERIOR, MEDIO E FUNDAMENTAL LTDA.;545;02608755000107;CENTRO UNIVERSITï¿½RIO ESTï¿½CIO DE SERGIPE;2122;Centro Universitï¿½rio;SE;Aracaju;ARACAJU;100687;Aracaju;SE;Aracaju;28011;2803;Leste Sergipano;CURSOS DA AREA DE SAUDE;ENFERMAGEM, FISIOTERAPIA, FARMï¿½CIA, NUTRIï¿½ï¿½O E CURSOS RELACIONADOS;119142;594,28;107658;FISIOTERAPIA;NOTURNO;Bacharelado;3;125;37;88;3;75.420,00;7.542,00;7.542,00;7.542,00;7.542,00;7.542,00;7.542,00;7.542,00;7.542,00;7.542,00;7.542,00;-;-;52.794,00;500%;5.279,40;5.279,40;5.279,40;5.279,40;5.279,40;5.279,40;5.279,40;5.279,40;5.279,40;5.279,40;-;-
2021;1;SOCIEDADE EDUCACIONAL ARNALDO HORACIO FERREIRA S/C LTDA;2477;06163776000109;CENTRO UNIVERSITï¿½RIO ARNALDO HORï¿½CIO FERREIRA;3921;Centro Universitï¿½rio;BA;Luï¿½s Eduardo Magalhï¿½es;CAMPUS- LUï¿½S EDUARDO MAGALHï¿½ES - MIMOSO DO OESTE;659664;Luï¿½s Eduardo Magalhï¿½es;BA;Barreiras;29001;2901;Extremo Oeste Baiano;DIVERSAS ï¿½REAS;ADMINISTRAï¿½ï¿½O, ADMINISTRAï¿½ï¿½O Pï¿½BLICA, GESTï¿½O, LOGï¿½STICA, NEGï¿½CIOS E CURSOS RELACIONADOS;119212;489,70;91093;ADMINISTRAï¿½ï¿½O;NOTURNO;Bacharelado;4;100;40;0;0;35.808,00;4.476,00;4.476,00;4.476,00;4.476,00;4.476,00;4.476,00;4.476,00;4.476,00;-;-;-;-;32.208,00;0%;4.026,00;4.026,00;4.026,00;4.026,00;4.026,00;4.026,00;4.026,00;4.026,00;-;-;-;-
2021;1;INFNET EDUCACAO LTDA.;2519;00673757000146;INSTITUTO INFNET RIO DE JANEIRO;3998;Faculdade;RJ;Rio de Janeiro;UNIDADE SEDE - CENTRO;1039739;Rio de Janeiro;RJ;Rio de Janeiro;33018;3306;Metropolitana do Rio de Janeiro;DIVERSAS ï¿½REAS;COMUNICAï¿½ï¿½O SOCIAL, JORNALISMO, PUBLICIDADE, MARKETING E CURSOS RELACIONADOS;120298;550,36;1104005;COMUNICAï¿½ï¿½O SOCIAL - PUBLICIDADE E PROPAGANDA;MATUTINO;Bacharelado;5;50;25;24;0;78.947,04;9.868,38;9.868,38;9.868,38;9.868,38;9.868,38;9.868,38;9.868,38;9.868,38;-;-;-;-;55.262,88;1%;6.907,86;6.907,86;6.907,86;6.907,86;6.907,86;6.907,86;6.907,86;6.907,86;-;-;-;-
2021;1;SOCIEDADE UNIFICADA DE EDUCACAO DE EXTREMA;1477;03769327000110;FACULDADE DE CIï¿½NCIAS SOCIAIS APLICADAS DE EXTREMA;2270;Faculdade;MG;Extrema;CAMPUS- EXTREMA - VILA RICA;659064;Extrema;MG;Pouso Alegre;31052;3110;Sul/Sudoeste de Minas;DIVERSAS ï¿½REAS;DIREITO, COMï¿½RCIO EXTERIOR, BIBLIOTECONOMIA E CURSOS RELACIONADOS;119899;624,76;91913;DIREITO;NOTURNO;Bacharelado;4;100;26;0;0;59.224,70;5.922,47;5.922,47;5.922,47;5.922,47;5.922,47;5.922,47;5.922,47;5.922,47;5.922,47;5.922,47;-;-;47.916,70;100%;4.791,67;4.791,67;4.791,67;4.791,67;4.791,67;4.791,67;4.791,67;4.791,67;4.791,67;4.791,67;-;-
2021;1;DIDACIEBE CENTRO INTEGRADO DE EDUCACAO BRASIL - EUROPA LTDA;2523;06260213000139;FATECE - FACULDADE DE TECNOLOGIA, CIï¿½NCIAS E EDUCAï¿½ï¿½O;4007;Faculdade;SP;Pirassununga;UNIDADE- PIRASSUNUNGA - JARDIM URUPï¿½S;702273;Pirassununga;SP;Pirassununga;35029;3507;Campinas;CURSOS DA ï¿½REA DE LICENCIATURA, PEDAGOGIA E NORMAL SUPERIOR;PEDAGOGIA;120628;558,48;105992;PEDAGOGIA;NOTURNO;Licenciatura;4;100;3;3;0;38.912,16;5.558,88;5.558,88;5.558,88;5.558,88;5.558,88;5.558,88;5.558,88;-;-;-;-;-;25.026,75;100%;3.575,25;3.575,25;3.575,25;3.575,25;3.575,25;3.575,25;3.575,25;-;-;-;-;-
2021;1;SOCIEDADE DE PESQUISA EDUCACAO E CULTURA, DR. APARICIO CARVALHO DE MORAES LTDA;757;01129686000188;CENTRO UNIVERSITï¿½RIO APARï¿½CIO CARVALHO;1087;Centro Universitï¿½rio;RO;Porto Velho;UNIDADE- PORTO VELHO - JARDIM ELDORADO;658249;Porto Velho;RO;Porto Velho;11001;1101;Madeira-Guaporï¿½;DIVERSAS ï¿½REAS;CIï¿½NCIAS BIOLï¿½GICAS (BEL), BIOMEDICINA, BIOTECNOLOGIA E CURSOS RELACIONADOS;117886;519,70;94221;BIOMEDICINA;VESPERTINO;Bacharelado;4;100;40;0;1;81.264,00;10.158,00;10.158,00;10.158,00;10.158,00;10.158,00;10.158,00;10.158,00;10.158,00;-;-;-;-;77.200,80;100%;9.650,10;9.650,10;9.650,10;9.650,10;9.650,10;9.650,10;9.650,10;9.650,10;-;-;-;-
2021;1;FACULDADE DE CIENCIAS E TECNOLOGIA DO MARANHAO LTDA;3169;08074032000143;Centro Universitï¿½rio de Ciï¿½ncias e Tecnologia do Maranhï¿½o;4964;Centro Universitï¿½rio;MA;Caxias;CAXIAS-CENTRO;105246;Caxias;MA;Caxias;21017;2104;Leste Maranhense;CURSOS DA ï¿½REA DE ENGENHARIA E CIï¿½NCIA DA COMPUTAï¿½ï¿½O;ENGENHARIA ELï¿½TRICA, ELETRï¿½NICA, DA COMPUTAï¿½ï¿½O E CURSOS RELACIONADOS;118381;513,72;1456864;ENGENHARIA ELï¿½TRICA;NOTURNO;Bacharelado;Autorizado;100;25;25;2;75.900,30;7.590,03;7.590,03;7.590,03;7.590,03;7.590,03;7.590,03;7.590,03;7.590,03;7.590,03;7.590,03;-;-;74.382,30;225%;7.438,23;7.438,23;7.438,23;7.438,23;7.438,23;7.438,23;7.438,23;7.438,23;7.438,23;7.438,23;-;-
2021;1;ASSOCIACAO DE ENSINO DE RIBEIRAO PRETO;147;55983670000167;UNIVERSIDADE DE RIBEIRï¿½O PRETO;208;Universidade;SP;Ribeirï¿½o Preto;GUARUJï¿½;692522;Guarujï¿½;SP;Santos;35063;3515;Metropolitana de Sï¿½o Paulo;CURSOS DA ï¿½REA DE LICENCIATURA, PEDAGOGIA E NORMAL SUPERIOR;HISTï¿½RIA (LIC), GEOGRAFIA (LIC), EDUCAï¿½ï¿½O Fï¿½SICA (LIC) E CURSOS RELACIONADOS;120958;574,98;49586;EDUCAï¿½ï¿½O Fï¿½SICA;NOTURNO;Licenciatura;4;45;10;0;0;36.020,82;6.003,47;6.003,47;6.003,47;6.003,47;6.003,47;6.003,47;-;-;-;-;-;-;34.219,80;110%;5.703,30;5.703,30;5.703,30;5.703,30;5.703,30;5.703,30;-;-;-;-;-;-
2021;1;CRUZEIRO DO SUL EDUCACIONAL S.A.;159;62984091000102;UNIVERSIDADE CRUZEIRO DO SUL;221;Universidade;SP;Sï¿½o Paulo;POLO SP_PAULISTA;1085415;Sï¿½o Paulo;SP;Sï¿½o Paulo;35061;3515;Metropolitana de Sï¿½o Paulo;CURSOS DA AREA DE SAUDE;ENFERMAGEM, FISIOTERAPIA, FARMï¿½CIA, NUTRIï¿½ï¿½O E CURSOS RELACIONADOS;120919;539,98;1427575;NUTRIï¿½ï¿½O;NOTURNO;Bacharelado;Autorizado;200;50;0;0;79.833,58;10.380,74;9.309,96;10.380,74;9.309,96;10.380,74;9.309,96;10.380,74;10.380,74;-;-;-;-;35.850,76;300%;3.959,47;3.959,66;4.415,08;4.335,55;4.834,21;4.441,69;4.952,55;4.952,55;-;-;-;-
2021;1;SOCIEDADE UNIFICADA DE ENSINO AUGUSTO MOTTA;199;34008227000103;CENTRO UNIVERSITï¿½RIO AUGUSTO MOTTA;277;Centro Universitï¿½rio;RJ;Rio de Janeiro;UNIDADE BANGU;1043605;Rio de Janeiro;RJ;Rio de Janeiro;33018;3306;Metropolitana do Rio de Janeiro;CURSOS DA ï¿½REA DE ENGENHARIA E CIï¿½NCIA DA COMPUTAï¿½ï¿½O;ENGENHARIA ELï¿½TRICA, ELETRï¿½NICA, DA COMPUTAï¿½ï¿½O E CURSOS RELACIONADOS;120260;451,20;1178674;ENGENHARIA ELï¿½TRICA;NOTURNO;Bacharelado;4;60;10;10;0;40.800,00;4.080,00;4.080,00;4.080,00;4.080,00;4.080,00;4.080,00;4.080,00;4.080,00;4.080,00;4.080,00;-;-;39.576,00;100%;3.957,60;3.957,60;3.957,60;3.957,60;3.957,60;3.957,60;3.957,60;3.957,60;3.957,60;3.957,60;-;-
2021;1;UNIESP S.A;16134;19347410000131;FACULDADE DIADEMA;2257;Faculdade;SP;Diadema;UNIDADE SEDE;695520;Diadema;SP;Sï¿½o Paulo;35061;3515;Metropolitana de Sï¿½o Paulo;DIVERSAS ï¿½REAS;DIREITO, COMï¿½RCIO EXTERIOR, BIBLIOTECONOMIA E CURSOS RELACIONADOS;120989;560,72;57686;DIREITO;NOTURNO;Bacharelado;3;40;10;1;0;92.112,00;6.936,00;6.936,00;6.936,00;6.936,00;6.936,00;6.936,00;12.624,00;12.624,00;12.624,00;12.624,00;-;-;85.550,40;100%;6.242,40;6.242,40;6.242,40;6.242,40;6.242,40;6.242,40;12.024,00;12.024,00;12.024,00;12.024,00;-;-
2021;1;CRUZEIRO DO SUL EDUCACIONAL S.A.;159;62984091000102;UNIVERSIDADE CRUZEIRO DO SUL;221;Universidade;SP;Sï¿½o Paulo;POLO SP_PAULISTA;1085415;Sï¿½o Paulo;SP;Sï¿½o Paulo;35061;3515;Metropolitana de Sï¿½o Paulo;CURSOS DA ï¿½REA DE ENGENHARIA E CIï¿½NCIA DA COMPUTAï¿½ï¿½O;ENGENHARIA CIVIL E AMBIENTAL, ARQUITETURA E CURSOS RELACIONADOS;120945;573,34;1427560;ARQUITETURA E URBANISMO;NOTURNO;Bacharelado;Autorizado;200;50;0;0;111.183,46;11.473,39;10.289,91;11.473,39;10.289,91;11.473,39;10.289,91;11.473,39;11.473,39;11.473,39;11.473,39;-;-;50.123,95;300%;4.194,21;4.193,65;4.675,98;4.591,51;5.119,60;5.008,92;5.585,02;5.585,02;5.585,02;5.585,02;-;-
2021;1;FUNDACAO EDUCACIONAL MONSENHOR MESSIAS;84;25002155000198;CENTRO UNIVERSITï¿½RIO DE SETE LAGOAS;4962;Centro Universitï¿½rio;MG;Sete Lagoas;CENTRO UNIVERSITï¿½RIO DE SETE LAGOAS;659976;Sete Lagoas;MG;Sete Lagoas;31027;3107;Metropolitana de Belo Horizonte;DIVERSAS ï¿½REAS;CIï¿½NCIAS BIOLï¿½GICAS (BEL), BIOMEDICINA, BIOTECNOLOGIA E CURSOS RELACIONADOS;119756;580,72;1267045;CIï¿½NCIAS BIOLï¿½GICAS;NOTURNO;Bacharelado;4;50;20;30;0;54.336,00;6.792,00;6.792,00;6.792,00;6.792,00;6.792,00;6.792,00;6.792,00;6.792,00;-;-;-;-;52.072,00;100%;6.509,00;6.509,00;6.509,00;6.509,00;6.509,00;6.509,00;6.509,00;6.509,00;-;-;-;-
2021;1;UNIESP S.A;16134;19347410000131;FACULDADE POLITï¿½CNICA DE CAMPINAS;3456;Faculdade;SP;Campinas;CAMPUS- CAMPINAS - FAZENDA SANTA Cï¿½NDIDA;705589;Campinas;SP;Campinas;35032;3507;Campinas;DIVERSAS ï¿½REAS;DIREITO, COMï¿½RCIO EXTERIOR, BIBLIOTECONOMIA E CURSOS RELACIONADOS;120641;590,94;80152;DIREITO;NOTURNO;Bacharelado;4;50;18;1;0;92.112,00;6.936,00;6.936,00;6.936,00;6.936,00;6.936,00;6.936,00;12.624,00;12.624,00;12.624,00;12.624,00;-;-;85.550,40;100%;6.242,40;6.242,40;6.242,40;6.242,40;6.242,40;6.242,40;12.024,00;12.024,00;12.024,00;12.024,00;-;-
2021;1;CEN - CENTRO DE ENSINO SUPERIOR E CAPACITACAO LTDA - EPP;16437;04895822000139;Faculdade Metropolitana de Horizonte;20532;Faculdade;CE;Horizonte;SEDE;1072424;Horizonte;CE;Pacajus;23017;2303;Metropolitana de Fortaleza;DIVERSAS ï¿½REAS;DANï¿½A, TEOLOGIA, Mï¿½DIAS SOCIAIS, DESIGN DE INTERIORES E CURSOS RELACIONADOS;118565;559,38;1441605;DESIGN DE MODA;NOTURNO;Tecnolï¿½gico;4;100;20;80;0;11.340,00;2.700,00;2.700,00;2.970,00;2.970,00;-;-;-;-;-;-;-;-;10.206,00;100%;2.430,00;2.430,00;2.673,00;2.673,00;-;-;-;-;-;-;-;-
2021;1;UNIESP S.A;16134;19347410000131;INSTITUTO DE ENSINO SUPERIOR DE BAURU;1816;Faculdade;SP;Bauru;SEDE;1073165;Bauru;SP;Bauru;35020;3504;Bauru;DIVERSAS ï¿½REAS;DIREITO, COMï¿½RCIO EXTERIOR, BIBLIOTECONOMIA E CURSOS RELACIONADOS;120496;675,46;74188;DIREITO;NOTURNO;Bacharelado;4;100;38;1;0;67.464,00;5.040,00;6.936,00;6.936,00;6.936,00;6.936,00;6.936,00;6.936,00;6.936,00;6.936,00;6.936,00;-;-;62.355,60;100%;4.536,00;6.424,40;6.424,40;6.424,40;6.424,40;6.424,40;6.424,40;6.424,40;6.424,40;6.424,40;-;-
2021;1;GRUPO DOM BOSCO LTDA;1240;41478561000188;CENTRO UNIVERSITï¿½RIO UNIDADE DE ENSINO SUPERIOR DOM BOSCO;1885;Centro Universitï¿½rio;MA;Sï¿½o Luï¿½s;CAMPUS- Sï¿½O LUï¿½S - RENASCENï¿½A;658845;Sï¿½o Luï¿½s;MA;Aglomeraï¿½ï¿½o Urbana de Sï¿½o Luï¿½s;21002;2101;Norte Maranhense;DIVERSAS ï¿½REAS;CIï¿½NCIAS SOCIAIS, POLï¿½TICAS, ECONï¿½MICAS E CONTï¿½BEIS, PSICOLOGIA E SECRETARIADO;118299;459,48;58700;CIï¿½NCIAS CONTï¿½BEIS;NOTURNO;Bacharelado;5;100;20;10;2;40.080,00;5.010,00;5.010,00;5.010,00;5.010,00;5.010,00;5.010,00;5.010,00;5.010,00;-;-;-;-;32.064,00;100%;4.008,00;4.008,00;4.008,00;4.008,00;4.008,00;4.008,00;4.008,00;4.008,00;-;-;-;-
2021;1;SER EDUCACIONAL S.A.;1847;04986320000113;CENTRO UNIVERSITï¿½RIO MAURï¿½CIO DE NASSAU;2835;Centro Universitï¿½rio;PE;Recife;UNINASSAU - Sede;659319;Recife;PE;Recife;26017;2605;Metropolitana de Recife;CURSOS DA AREA DE SAUDE;ENFERMAGEM, FISIOTERAPIA, FARMï¿½CIA, NUTRIï¿½ï¿½O E CURSOS RELACIONADOS;118975;565,36;74312;FISIOTERAPIA;NOTURNO;Bacharelado;4;120;48;0;2;87.516,30;8.751,63;8.751,63;8.751,63;8.751,63;8.751,63;8.751,63;8.751,63;8.751,63;8.751,63;8.751,63;-;-;35.006,50;140%;3.500,65;3.500,65;3.500,65;3.500,65;3.500,65;3.500,65;3.500,65;3.500,65;3.500,65;3.500,65;-;-
2021;1;CESA - CENTRO DE ESTUDO SUPERIOR DE APUCARANA;1224;03347235000142;FACULDADE DO NORTE NOVO DE APUCARANA;1856;Faculdade;PR;Apucarana;UNIDADE SEDE;658819;Apucarana;PR;Apucarana;41010;4103;Norte Central Paranaense;DIVERSAS ï¿½REAS;DANï¿½A, TEOLOGIA, Mï¿½DIAS SOCIAIS, DESIGN DE INTERIORES E CURSOS RELACIONADOS;121098;;79821;DESIGN DE INTERIORES;NOTURNO;Tecnolï¿½gico;4;50;20;10;0;23.337,60;4.667,52;4.667,52;4.667,52;4.667,52;4.667,52;-;-;-;-;-;-;-;21.003,55;100%;4.200,71;4.200,71;4.200,71;4.200,71;4.200,71;-;-;-;-;-;-;-
2021;1;EPD - ESCOLA PAULISTA DE DIREITO LTDA;17506;07279794000113;FACULDADE ESCOLA PAULISTA DE DIREITO;905;Faculdade;SP;Sï¿½o Paulo;CAMPUS- Sï¿½O PAULO - LIBERDADE;658157;Sï¿½o Paulo;SP;Sï¿½o Paulo;35061;3515;Metropolitana de Sï¿½o Paulo;DIVERSAS ï¿½REAS;CIï¿½NCIAS SOCIAIS, POLï¿½TICAS, ECONï¿½MICAS E CONTï¿½BEIS, PSICOLOGIA E SECRETARIADO;120993;590,16;17496;CIï¿½NCIAS CONTï¿½BEIS;NOTURNO;Bacharelado;3;80;24;0;0;40.435,20;5.054,40;5.054,40;5.054,40;5.054,40;5.054,40;5.054,40;5.054,40;5.054,40;-;-;-;-;24.261,12;100%;3.032,64;3.032,64;3.032,64;3.032,64;3.032,64;3.032,64;3.032,64;3.032,64;-;-;-;-
2021;1;CENTRO DE ENSINO SUPERIOR NILTON LINS;441;04803904000106;UNIVERSIDADE NILTON LINS;669;Universidade;AM;Manaus;Uninilton Lins;658021;Manaus;AM;Manaus;13007;1303;Centro Amazonense;CURSOS DA ï¿½REA DE ENGENHARIA E CIï¿½NCIA DA COMPUTAï¿½ï¿½O;ENGENHARIA DE PRODUï¿½ï¿½O, DE MATERIAIS E CURSOS RELACIONADOS;117962;507,10;108224;ENGENHARIA AMBIENTAL;MATUTINO;Bacharelado;4;300;120;0;0;69.957,60;6.995,76;6.995,76;6.995,76;6.995,76;6.995,76;6.995,76;6.995,76;6.995,76;6.995,76;6.995,76;-;-;59.464,00;120%;5.946,40;5.946,40;5.946,40;5.946,40;5.946,40;5.946,40;5.946,40;5.946,40;5.946,40;5.946,40;-;-
2021;1;SER EDUCACIONAL S.A.;1847;04986320000113;CENTRO UNIVERSITï¿½RIO MAURï¿½CIO DE NASSAU;2835;Centro Universitï¿½rio;PE;Recife;UNINASSAU - Sede;659319;Recife;PE;Recife;26017;2605;Metropolitana de Recife;DIVERSAS ï¿½REAS;COMUNICAï¿½ï¿½O SOCIAL, JORNALISMO, PUBLICIDADE, MARKETING E CURSOS RELACIONADOS;119016;557,00;63510;COMUNICAï¿½ï¿½O SOCIAL - JORNALISMO;MATUTINO;Bacharelado;5;185;92;0;0;47.016,32;5.877,04;5.877,04;5.877,04;5.877,04;5.877,04;5.877,04;5.877,04;5.877,04;-;-;-;-;18.806,48;140%;2.350,81;2.350,81;2.350,81;2.350,81;2.350,81;2.350,81;2.350,81;2.350,81;-;-;-;-
2021;1;ASSOCIACAO TERESINENSE DE ENSINO S/C LTDA;781;34965491000127;CENTRO UNIVERSITï¿½RIO SANTO AGOSTINHO;1131;Centro Universitï¿½rio;PI;Teresina;ANEXO I;1076070;Teresina;PI;Teresina;22003;2202;Centro-Norte Piauiense;CURSOS DA ï¿½REA DE ENGENHARIA E CIï¿½NCIA DA COMPUTAï¿½ï¿½O;ENGENHARIA DE PRODUï¿½ï¿½O, DE MATERIAIS E CURSOS RELACIONADOS;118443;459,94;105972;ENGENHARIA DE PRODUï¿½ï¿½O;MATUTINO;Bacharelado;4;50;20;20;0;56.044,20;5.604,42;5.604,42;5.604,42;5.604,42;5.604,42;5.604,42;5.604,42;5.604,42;5.604,42;5.604,42;-;-;53.242,00;100%;5.324,20;5.324,20;5.324,20;5.324,20;5.324,20;5.324,20;5.324,20;5.324,20;5.324,20;5.324,20;-;-
2021;1;INSTITUTO SANTANENSE DE ENSINO SUPERIOR;316;62881099000135;CENTRO UNIVERSITï¿½RIO SANT ANNA;456;Centro Universitï¿½rio;SP;Sï¿½o Paulo;CAMPUS- Sï¿½O PAULO - SANTANA;657908;Sï¿½o Paulo;SP;Sï¿½o Paulo;35061;3515;Metropolitana de Sï¿½o Paulo;DIVERSAS ï¿½REAS;COMUNICAï¿½ï¿½O SOCIAL, JORNALISMO, PUBLICIDADE, MARKETING E CURSOS RELACIONADOS;120985;556,36;23585;JORNALISMO;NOTURNO;Bacharelado;3;70;21;49;0;42.810,00;5.184,00;5.184,00;5.184,00;5.184,00;5.184,00;5.184,00;5.184,00;6.522,00;-;-;-;-;42.810,00;1000%;5.184,00;5.184,00;5.184,00;5.184,00;5.184,00;5.184,00;5.184,00;6.522,00;-;-;-;-
2021;1;SOCIEDADE DE EDUCACAO SUPERIOR E CULTURA BRASIL S.A.;902;84684182000157;Centro Universitï¿½rio UNA de Betim;14028;Centro Universitï¿½rio;MG;Betim;Campus Sede;1044032;Betim;MG;Belo Horizonte;31030;3107;Metropolitana de Belo Horizonte;CURSOS DA ï¿½REA DE ENGENHARIA E CIï¿½NCIA DA COMPUTAï¿½ï¿½O;ENGENHARIA CIVIL E AMBIENTAL, ARQUITETURA E CURSOS RELACIONADOS;119713;594,06;1146578;ENGENHARIA CIVIL;NOTURNO;Bacharelado;3;120;36;0;1;95.160,00;9.516,00;9.516,00;9.516,00;9.516,00;9.516,00;9.516,00;9.516,00;9.516,00;9.516,00;9.516,00;-;-;95.160,00;300%;9.516,00;9.516,00;9.516,00;9.516,00;9.516,00;9.516,00;9.516,00;9.516,00;9.516,00;9.516,00;-;-
2021;1;ASSOCIACAO EDUCACIONAL NOVE DE JULHO;222;43374768000138;UNIVERSIDADE NOVE DE JULHO;316;Universidade;SP;Sï¿½o Paulo;VILA PRUDENTE;1063075;Sï¿½o Paulo;SP;Sï¿½o Paulo;35061;3515;Metropolitana de Sï¿½o Paulo;DIVERSAS ï¿½REAS;CIï¿½NCIAS SOCIAIS, POLï¿½TICAS, ECONï¿½MICAS E CONTï¿½BEIS, PSICOLOGIA E SECRETARIADO;120992;577,24;5001268;PSICOLOGIA;NOTURNO;Bacharelado;Autorizado;522;130;130;1;105.540,00;10.554,00;10.554,00;10.554,00;10.554,00;10.554,00;10.554,00;10.554,00;10.554,00;10.554,00;10.554,00;-;-;61.854,00;120%;2.850,00;3.348,00;4.638,00;4.638,00;5.796,00;5.796,00;8.118,00;8.118,00;9.276,00;9.276,00;-;-
2021;1;FIUSA EDUCACIONAL S/SIMPLES LTDA - EPP;2141;04242942000137;CENTRO UNIVERSITï¿½RIO PARAï¿½SO;3388;Centro Universitï¿½rio;CE;Juazeiro do Norte;CAMPUS Sï¿½O MIGUEL;659473;Juazeiro do Norte;CE;Cariri;23032;2307;Sul Cearense;DIVERSAS ï¿½REAS;DIREITO, COMï¿½RCIO EXTERIOR, BIBLIOTECONOMIA E CURSOS RELACIONADOS;118653;610,42;89822;DIREITO;NOTURNO;Bacharelado;4;148;55;30;3;84.420,00;8.040,00;8.040,00;8.040,00;8.040,00;8.040,00;8.844,00;8.844,00;8.844,00;8.844,00;8.844,00;-;-;80.199,00;100%;7.638,00;7.638,00;7.638,00;7.638,00;7.638,00;8.401,80;8.401,80;8.401,80;8.401,80;8.401,80;-;-
2021;1;SOCIEDADE DE EDUCACAO SUPERIOR E CULTURA BRASIL S.A.;902;84684182000157;Centro Universitï¿½rio UNA de Contagem;4766;Centro Universitï¿½rio;MG;Contagem;Campus Sede;1076231;Contagem;MG;Belo Horizonte;31030;3107;Metropolitana de Belo Horizonte;DIVERSAS ï¿½REAS;CIï¿½NCIAS BIOLï¿½GICAS (BEL), BIOMEDICINA, BIOTECNOLOGIA E CURSOS RELACIONADOS;119756;580,72;1303970;BIOMEDICINA;MATUTINO;Bacharelado;4;40;16;0;0;61.152,00;7.644,00;7.644,00;7.644,00;7.644,00;7.644,00;7.644,00;7.644,00;7.644,00;-;-;-;-;61.152,00;300%;7.644,00;7.644,00;7.644,00;7.644,00;7.644,00;7.644,00;7.644,00;7.644,00;-;-;-;-
2021;1;CAMPANHA NACIONAL DE ESCOLAS DA COMUNIDADE;407;33621384000119;CENTRO UNIVERSITï¿½RIO CENECISTA DE OSï¿½RIO;626;Centro Universitï¿½rio;RS;Osï¿½rio;UNIDADE SEDE;657993;Osï¿½rio;RS;Osï¿½rio;43027;4305;Metropolitana de Porto Alegre;DIVERSAS ï¿½REAS;COMUNICAï¿½ï¿½O SOCIAL, JORNALISMO, PUBLICIDADE, MARKETING E CURSOS RELACIONADOS;121745;;1456948;MARKETING DIGITAL;NOTURNO;Tecnolï¿½gico;Autorizado;100;25;0;0;29.616,40;7.404,10;7.404,10;7.404,10;7.404,10;-;-;-;-;-;-;-;-;29.616,40;25%;7.404,10;7.404,10;7.404,10;7.404,10;-;-;-;-;-;-;-;-
2021;1;IUNI EDUCACIONAL - UNIME SALVADOR LTDA;1965;03395289000183;FACULDADE DELTA;3034;Faculdade;BA;Salvador;SEDE - P. SHOPPING;1101320;Salvador;BA;Salvador;29021;2905;Metropolitana de Salvador;CURSOS DA ï¿½REA DE ENGENHARIA E CIï¿½NCIA DA COMPUTAï¿½ï¿½O;ENGENHARIA CIVIL E AMBIENTAL, ARQUITETURA E CURSOS RELACIONADOS;119377;555,94;1259245;ENGENHARIA CIVIL;NOTURNO;Bacharelado;4;120;48;72;1;96.999,66;8.453,58;6.953,58;8.236,68;6.679,20;6.540,78;8.910,00;12.368,40;13.919,40;13.777,44;11.160,60;-;-;63.399,38;125%;4.734,00;3.894,00;4.486,70;3.283,65;4.628,43;6.257,48;8.752,19;9.775,58;9.749,25;7.838,10;-;-
2021;1;INSTITUTO CAMPINENSE DE ENSINO SUPERIOR LTDA;2447;05933016000170;Centro Universitï¿½rio da Amazï¿½nia;757;Centro Universitï¿½rio;PA;Santarï¿½m;UNIDADE SEDE;658082;Santarï¿½m;PA;Santarï¿½m;15002;1501;Baixo Amazonas;DIVERSAS ï¿½REAS;DIREITO, COMï¿½RCIO EXTERIOR, BIBLIOTECONOMIA E CURSOS RELACIONADOS;118054;575,46;16707;DIREITO;MATUTINO;Bacharelado;4;35;14;0;3;70.231,10;7.023,11;7.023,11;7.023,11;7.023,11;7.023,11;7.023,11;7.023,11;7.023,11;7.023,11;7.023,11;-;-;28.092,40;140%;2.809,24;2.809,24;2.809,24;2.809,24;2.809,24;2.809,24;2.809,24;2.809,24;2.809,24;2.809,24;-;-
2021;1;UNIAO DAS FACULDADES FASIPE LTDA;15951;17517109000101;Faculdade Fasipe Mato Grosso;18114;Faculdade;MT;Cuiabï¿½;FACULDADE FASIPE;1108951;Cuiabï¿½;MT;Cuiabï¿½;51017;5104;Centro-Sul Mato-grossense;DIVERSAS ï¿½REAS;CIï¿½NCIAS BIOLï¿½GICAS (BEL), BIOMEDICINA, BIOTECNOLOGIA E CURSOS RELACIONADOS;121995;569,70;1207554;BIOMEDICINA;MATUTINO;Bacharelado;4;50;20;20;0;99.039,84;12.379,98;12.379,98;12.379,98;12.379,98;12.379,98;12.379,98;12.379,98;12.379,98;-;-;-;-;85.130,40;200%;10.641,30;10.641,30;10.641,30;10.641,30;10.641,30;10.641,30;10.641,30;10.641,30;-;-;-;-
2021;1;CEUMA-ASSOCIACAO DE ENSINO SUPERIOR;2559;23689763000197;UNIVERSIDADE CEUMA;823;Universidade;MA;Sï¿½o Luï¿½s;UNIVERSIDADE DO CEUMA - UNICEUMA - CAMPUS IMPERATRIZ;1058879;Imperatriz;MA;Imperatriz;21009;2102;Oeste Maranhense;CURSOS DA AREA DE SAUDE;ODONTOLOGIA, QUIROPRAXIA, Fï¿½SICA Mï¿½DICA E NATUROLOGIA;118317;647,36;1279431;ODONTOLOGIA;INTEGRAL;Bacharelado;Autorizado;100;25;25;9;163.140,00;16.314,00;16.314,00;16.314,00;16.314,00;16.314,00;16.314,00;16.314,00;16.314,00;16.314,00;16.314,00;-;-;154.983,00;100%;15.498,30;15.498,30;15.498,30;15.498,30;15.498,30;15.498,30;15.498,30;15.498,30;15.498,30;15.498,30;-;-
2021;1;CENTRO DE ENSINO SUPERIOR DO CEARA;1569;04918904000151;FACULDADE CEARENSE;2410;Faculdade;CE;Fortaleza;Faculdade Cearense;659133;Fortaleza;CE;Fortaleza;23016;2303;Metropolitana de Fortaleza;CURSOS DA ï¿½REA DE ENGENHARIA E CIï¿½NCIA DA COMPUTAï¿½ï¿½O;CIï¿½NCIA DA COMPUTAï¿½ï¿½O E SISTEMAS DE INFORMAï¿½ï¿½O E CURSOS RELACIONADOS;118536;542,70;1300474;REDES DE COMPUTADORES;MATUTINO;Tecnolï¿½gico;4;120;48;0;0;13.122,90;2.624,58;2.624,58;2.624,58;2.624,58;2.624,58;-;-;-;-;-;-;-;11.531,70;120%;2.306,34;2.306,34;2.306,34;2.306,34;2.306,34;-;-;-;-;-;-;-
2021;1;ASSOCIACAO SALGADO DE OLIVEIRA DE EDUCACAO E CULTURA;435;28638393000182;CENTRO UNIVERSITï¿½RIO DO TRIï¿½NGULO;142;Centro Universitï¿½rio;MG;Uberlï¿½ndia;UNIDADE SEDE;688568;Uberlï¿½ndia;MG;Uberlï¿½ndia;31018;3105;Triï¿½ngulo Mineiro/Alto Paranaï¿½ba;CURSOS DA ï¿½REA DE ENGENHARIA E CIï¿½NCIA DA COMPUTAï¿½ï¿½O;ENGENHARIA CIVIL E AMBIENTAL, ARQUITETURA E CURSOS RELACIONADOS;119619;657,92;4545;ARQUITETURA E URBANISMO;NOTURNO;Bacharelado;4;60;20;40;0;135.360,00;13.536,00;13.536,00;13.536,00;13.536,00;13.536,00;13.536,00;13.536,00;13.536,00;13.536,00;13.536,00;-;-;33.231,00;100%;3.323,10;3.323,10;3.323,10;3.323,10;3.323,10;3.323,10;3.323,10;3.323,10;3.323,10;3.323,10;-;-
2021;1;SOCIEDADE EDUCACIONAL LEONARDO DA VINCI S/S LTDA;821;01894432000156;CENTRO UNIVERSITï¿½RIO DANTE;2175;Centro Universitï¿½rio;SC;Blumenau;FAMEBLU - CAMPUS II;1042049;Blumenau;SC;Blumenau;42012;4204;Vale do Itajaï¿½;CURSOS DA ï¿½REA DE LICENCIATURA, PEDAGOGIA E NORMAL SUPERIOR;HISTï¿½RIA (LIC), GEOGRAFIA (LIC), EDUCAï¿½ï¿½O Fï¿½SICA (LIC) E CURSOS RELACIONADOS;121482;;1116634;EDUCAï¿½ï¿½O Fï¿½SICA;NOTURNO;Licenciatura;3;100;16;0;0;55.796,56;6.974,57;6.974,57;6.974,57;6.974,57;6.974,57;6.974,57;6.974,57;6.974,57;-;-;-;-;55.796,56;100%;6.974,57;6.974,57;6.974,57;6.974,57;6.974,57;6.974,57;6.974,57;6.974,57;-;-;-;-
2021;1;AELBRA EDUCACAO SUPERIOR - GRADUACAO E POS-GRADUACAO S.A.;314;88332580000165;UNIVERSIDADE LUTERANA DO BRASIL;449;Universidade;RS;Canoas;ULBRA CANOAS;657901;Canoas;RS;Porto Alegre;43026;4305;Metropolitana de Porto Alegre;CURSOS DA ï¿½REA DE LICENCIATURA, PEDAGOGIA E NORMAL SUPERIOR;ARTES, CIï¿½NCIAS SOCIAIS E CURSOS RELACIONADOS;121730;516,28;66506;CIï¿½NCIAS BIOLï¿½GICAS;NOTURNO;Licenciatura;4;100;40;0;2;45.399,52;5.896,04;5.896,04;5.896,04;5.896,04;5.896,04;4.716,84;5.896,04;5.306,44;-;-;-;-;44.037,54;100%;5.719,16;5.719,16;5.719,16;5.719,16;5.719,16;4.575,33;5.719,16;5.147,25;-;-;-;-
2021;1;CESUMAR - CENTRO DE ENSINO SUPERIOR DE MARINGA LTDA;560;79265617000199;FACULDADE CESUMAR DE PONTA GROSSA;17420;Faculdade;PR;Ponta Grossa;UNIDADE SEDE;1076608;Ponta Grossa;PR;Ponta Grossa;41021;4105;Centro Oriental Paranaense;CURSOS DA ï¿½REA DE ENGENHARIA E CIï¿½NCIA DA COMPUTAï¿½ï¿½O;ENGENHARIA CIVIL E AMBIENTAL, ARQUITETURA E CURSOS RELACIONADOS;121150;503,34;1322352;ENGENHARIA CIVIL;MATUTINO;Bacharelado;4;100;40;0;0;93.777,60;9.377,76;9.377,76;9.377,76;9.377,76;9.377,76;9.377,76;9.377,76;9.377,76;9.377,76;9.377,76;-;-;79.710,60;100%;7.971,06;7.971,06;7.971,06;7.971,06;7.971,06;7.971,06;7.971,06;7.971,06;7.971,06;7.971,06;-;-
2021;1;CESUMAR - CENTRO DE ENSINO SUPERIOR DE MARINGA LTDA;560;79265617000199;FACULDADE CESUMAR DE PONTA GROSSA;17420;Faculdade;PR;Ponta Grossa;UNIDADE SEDE;1076608;Ponta Grossa;PR;Ponta Grossa;41021;4105;Centro Oriental Paranaense;CURSOS DA AREA DE SAUDE;ENFERMAGEM, FISIOTERAPIA, FARMï¿½CIA, NUTRIï¿½ï¿½O E CURSOS RELACIONADOS;121141;529,34;1365331;FISIOTERAPIA;MATUTINO;Bacharelado;4;100;40;0;1;95.800,80;9.580,08;9.580,08;9.580,08;9.580,08;9.580,08;9.580,08;9.580,08;9.580,08;9.580,08;9.580,08;-;-;81.430,80;100%;8.143,08;8.143,08;8.143,08;8.143,08;8.143,08;8.143,08;8.143,08;8.143,08;8.143,08;8.143,08;-;-
2021;1;UNIRB - UNIVERSIDADE REGIONAL BRASILEIRA S.A.;17024;28844791000155;CENTRO UNIVERSITï¿½RIO UNIRB;2076;Centro Universitï¿½rio;BA;Salvador;Unidade SEDE;658969;Salvador;BA;Salvador;29021;2905;Metropolitana de Salvador;DIVERSAS ï¿½REAS;ESTï¿½TICA E COSMï¿½TICA, GESTï¿½O DO ESPORTE E CURSOS RELACIONADOS;119433;487,40;1159067;ESTï¿½TICA E COSMï¿½TICA;NOTURNO;Bacharelado;4;100;40;60;0;47.904,00;5.988,00;5.988,00;5.988,00;5.988,00;5.988,00;5.988,00;5.988,00;5.988,00;-;-;-;-;47.904,00;800%;5.988,00;5.988,00;5.988,00;5.988,00;5.988,00;5.988,00;5.988,00;5.988,00;-;-;-;-
2021;1;SOCIEDADE PAULISTA DE ENSINO E PESQUISA S/S LTDA;16298;04302037000125;Universidade Universus Veritas Guarulhos;481;Universidade;SP;Guarulhos;GUARULHOS CENTRO;103202;Guarulhos;SP;Guarulhos;35059;3515;Metropolitana de Sï¿½o Paulo;CURSOS DA ï¿½REA DE LICENCIATURA, PEDAGOGIA E NORMAL SUPERIOR;LETRAS - IDIOMAS, Fï¿½SICA (LIC), QUï¿½MICA (LIC) E CURSOS RELACIONADOS;120951;460,58;9840;QUï¿½MICA;MATUTINO;Licenciatura;4;120;48;0;0;30.000,36;5.000,06;5.000,06;5.000,06;5.000,06;5.000,06;5.000,06;-;-;-;-;-;-;12.000,12;140%;2.000,02;2.000,02;2.000,02;2.000,02;2.000,02;2.000,02;-;-;-;-;-;-
2021;1;IDEA - INSTITUTO DE DESENVOLVIMENTO EDUCACIONAL AVANCADO LTDA;970;03158213000134;FACULDADE ESAMC UBERLï¿½NDIA;1468;Faculdade;MG;Uberlï¿½ndia;CAMPUS- UBERLï¿½NDIA - MARTINS;658510;Uberlï¿½ndia;MG;Uberlï¿½ndia;31018;3105;Triï¿½ngulo Mineiro/Alto Paranaï¿½ba;DIVERSAS ï¿½REAS;ADMINISTRAï¿½ï¿½O, ADMINISTRAï¿½ï¿½O Pï¿½BLICA, GESTï¿½O, LOGï¿½STICA, NEGï¿½CIOS E CURSOS RELACIONADOS;119642;485,14;31003;ADMINISTRAï¿½ï¿½O;NOTURNO;Bacharelado;5;240;3;1;0;75.636,60;7.563,66;7.563,66;7.563,66;7.563,66;7.563,66;7.563,66;7.563,66;7.563,66;7.563,66;7.563,66;-;-;45.382,20;105%;4.538,22;4.538,22;4.538,22;4.538,22;4.538,22;4.538,22;4.538,22;4.538,22;4.538,22;4.538,22;-;-
2021;1;ABES - SOCIEDADE BAIANA DE ENSINO SUPERIOR LTDA;737;32697294000149;Centro Universitï¿½rio Maurï¿½cio de Nassau de Salvador;1055;Centro Universitï¿½rio;BA;Salvador;BLOCO MERCï¿½S;1056543;Salvador;BA;Salvador;29021;2905;Metropolitana de Salvador;DIVERSAS ï¿½REAS;CIï¿½NCIAS SOCIAIS, POLï¿½TICAS, ECONï¿½MICAS E CONTï¿½BEIS, PSICOLOGIA E SECRETARIADO;119408;559,72;1300301;PSICOLOGIA;NOTURNO;Bacharelado;3;75;22;0;1;67.593,70;6.759,37;6.759,37;6.759,37;6.759,37;6.759,37;6.759,37;6.759,37;6.759,37;6.759,37;6.759,37;-;-;27.037,50;140%;2.703,75;2.703,75;2.703,75;2.703,75;2.703,75;2.703,75;2.703,75;2.703,75;2.703,75;2.703,75;-;-
2021;1;CENESUP - CENTRO NACIONAL DE ENSINO SUPERIOR LTDA;2405;05474470000100;CENTRO UNIVERSITï¿½RIO DO NORTE;1422;Centro Universitï¿½rio;AM;Manaus;UNIDADE DE ENSINO X;1041219;Manaus;AM;Manaus;13007;1303;Centro Amazonense;CURSOS DA ï¿½REA DE LICENCIATURA, PEDAGOGIA E NORMAL SUPERIOR;HISTï¿½RIA (LIC), GEOGRAFIA (LIC), EDUCAï¿½ï¿½O Fï¿½SICA (LIC) E CURSOS RELACIONADOS;117979;562,42;1364159;EDUCAï¿½ï¿½O Fï¿½SICA;NOTURNO;Bacharelado;3;150;45;0;0;49.042,00;6.130,25;6.130,25;6.130,25;6.130,25;6.130,25;6.130,25;6.130,25;6.130,25;-;-;-;-;19.616,80;140%;2.452,10;2.452,10;2.452,10;2.452,10;2.452,10;2.452,10;2.452,10;2.452,10;-;-;-;-
2021;1;SANTANA INSTITUTO DE EDUCACAO SUPERIOR EIRELI;2148;02846920000150;FACULDADE LS;3396;Faculdade;DF;Brasï¿½lia;FACULDADE LS - LOTE 05 - BLOCO A;659478;Brasï¿½lia;DF;Brasï¿½lia;53001;5301;Distrito Federal;CURSOS DA AREA DE SAUDE;SERVIï¿½O SOCIAL, FONOAUDIOLOGIA, TERAPIA OCUPACIONAL E CURSOS RELACIONADOS;122198;477,30;105514;RADIOLOGIA;MATUTINO;Tecnolï¿½gico;4;100;40;60;0;38.884,32;6.480,72;6.480,72;6.480,72;6.480,72;6.480,72;6.480,72;-;-;-;-;-;-;25.858,08;100%;4.309,68;4.309,68;4.309,68;4.309,68;4.309,68;4.309,68;-;-;-;-;-;-
2021;1;SOCIEDADE AVANTIS DE ENSINO E ESCOLA DE AVIACAO CIVIL S.A.;1303;04204407000191;CENTRO UNIVERSITARIO AVANTIS;1988;Centro Universitï¿½rio;SC;Balneï¿½rio Camboriï¿½;UNIAVAN_SEDE;658924;Balneï¿½rio Camboriï¿½;SC;Itajaï¿½;42013;4204;Vale do Itajaï¿½;DIVERSAS ï¿½REAS;CIï¿½NCIAS SOCIAIS, POLï¿½TICAS, ECONï¿½MICAS E CONTï¿½BEIS, PSICOLOGIA E SECRETARIADO;121491;580,24;98571;CIï¿½NCIAS CONTï¿½BEIS;NOTURNO;Bacharelado;4;100;20;0;0;40.867,20;4.540,80;4.540,80;4.540,80;4.540,80;4.540,80;4.540,80;6.811,20;6.811,20;-;-;-;-;40.867,20;400%;4.540,80;4.540,80;4.540,80;4.540,80;4.540,80;4.540,80;6.811,20;6.811,20;-;-;-;-
2021;1;SOCIEDADE AMERICA DE EDUCACAO LTDA;15805;12408344000113;Faculdade Amï¿½rica;17749;Faculdade;ES;Cachoeiro de Itapemirim;UNIDADE SEDE;1059646;Cachoeiro de Itapemirim;ES;Cachoeiro de Itapemirim;32012;3204;Sul Espï¿½rito-santense;CURSOS DA ï¿½REA DE ENGENHARIA E CIï¿½NCIA DA COMPUTAï¿½ï¿½O;ENGENHARIA CIVIL E AMBIENTAL, ARQUITETURA E CURSOS RELACIONADOS;120116;498,96;1189947;ARQUITETURA E URBANISMO;NOTURNO;Bacharelado;3;100;15;5;3;73.200,00;7.320,00;7.320,00;7.320,00;7.320,00;7.320,00;7.320,00;7.320,00;7.320,00;7.320,00;7.320,00;-;-;73.200,00;100%;7.320,00;7.320,00;7.320,00;7.320,00;7.320,00;7.320,00;7.320,00;7.320,00;7.320,00;7.320,00;-;-
2021;1;FUNDACAO CULTURAL DE ARAXA;78;17806696000140;CENTRO UNIVERSITï¿½RIO DO PLANALTO DE ARAXï¿½;1575;Centro Universitï¿½rio;MG;Araxï¿½;CAMPUS- ARAXï¿½ - Sï¿½O GERALDO;658592;Araxï¿½;MG;Araxï¿½;31023;3105;Triï¿½ngulo Mineiro/Alto Paranaï¿½ba;DIVERSAS ï¿½REAS;ADMINISTRAï¿½ï¿½O, ADMINISTRAï¿½ï¿½O Pï¿½BLICA, GESTï¿½O, LOGï¿½STICA, NEGï¿½CIOS E CURSOS RELACIONADOS;119641;516,66;108658;GESTï¿½O DE RECURSOS HUMANOS;NOTURNO;Tecnolï¿½gico;4;60;18;0;0;18.509,04;4.627,26;4.627,26;4.627,26;4.627,26;-;-;-;-;-;-;-;-;18.509,04;2%;4.627,26;4.627,26;4.627,26;4.627,26;-;-;-;-;-;-;-;-
2021;1;ANTARES EDUCACIONAL S.A.;121;34185306000181;UNIVERSIDADE VEIGA DE ALMEIDA;165;Universidade;RJ;Rio de Janeiro;Unidade SEDE;657759;Rio de Janeiro;RJ;Rio de Janeiro;33018;3306;Metropolitana do Rio de Janeiro;CURSOS DA ï¿½REA DE ENGENHARIA E CIï¿½NCIA DA COMPUTAï¿½ï¿½O;CIï¿½NCIA DA COMPUTAï¿½ï¿½O E SISTEMAS DE INFORMAï¿½ï¿½O E CURSOS RELACIONADOS;120248;477,22;1258875;SISTEMAS DE INFORMAï¿½ï¿½O;NOTURNO;Bacharelado;4;60;24;7;1;78.522,70;7.792,38;8.298,89;8.838,31;9.412,80;10.024,64;10.676,24;11.370,19;12.109,25;-;-;-;-;78.522,70;200%;7.792,38;8.298,89;8.838,31;9.412,80;10.024,64;10.676,24;11.370,19;12.109,25;-;-;-;-
2021;1;ASSOCIACAO EDUCACIONAL NOVE DE JULHO;222;43374768000138;UNIVERSIDADE NOVE DE JULHO;316;Universidade;SP;Sï¿½o Paulo;UNIDADE VERGUEIRO SEDE;706703;Sï¿½o Paulo;SP;Sï¿½o Paulo;35061;3515;Metropolitana de Sï¿½o Paulo;CURSOS DA ï¿½REA DE ENGENHARIA E CIï¿½NCIA DA COMPUTAï¿½ï¿½O;ENGENHARIA ELï¿½TRICA, ELETRï¿½NICA, DA COMPUTAï¿½ï¿½O E CURSOS RELACIONADOS;120940;568,54;117066;ENGENHARIA ELï¿½TRICA;NOTURNO;Bacharelado;4;70;28;28;0;97.260,00;9.726,00;9.726,00;9.726,00;9.726,00;9.726,00;9.726,00;9.726,00;9.726,00;9.726,00;9.726,00;-;-;62.985,00;120%;3.315,00;3.906,00;5.142,00;5.142,00;6.498,00;6.498,00;7.446,00;7.446,00;8.796,00;8.796,00;-;-
2021;1;LAEL VARELLA EDUCACAO E CULTURA LTDA;2025;03466623000223;FACULDADE DE MINAS BH;3194;Faculdade;MG;Belo Horizonte;FAMINAS - BH;659414;Belo Horizonte;MG;Belo Horizonte;31030;3107;Metropolitana de Belo Horizonte;DIVERSAS ï¿½REAS;CIï¿½NCIAS BIOLï¿½GICAS (BEL), BIOMEDICINA, BIOTECNOLOGIA E CURSOS RELACIONADOS;119756;580,72;1029207;BIOMEDICINA;NOTURNO;Bacharelado;4;60;24;24;8;46.041,96;5.427,48;5.169,12;5.169,12;5.169,12;5.169,12;5.169,12;7.384,44;7.384,44;-;-;-;-;46.041,96;200%;5.427,48;5.169,12;5.169,12;5.169,12;5.169,12;5.169,12;7.384,44;7.384,44;-;-;-;-
2021;1;ASSOCIACAO DE ENSINO IMPERIUM;17411;32887438000120;UNIVERSIDADE IBIRAPUERA;458;Universidade;SP;Sï¿½o Paulo;UNIDADE SEDE - CHï¿½CARA FLORA;3507;Sï¿½o Paulo;SP;Sï¿½o Paulo;35061;3515;Metropolitana de Sï¿½o Paulo;CURSOS DA AREA DE SAUDE;ENFERMAGEM, FISIOTERAPIA, FARMï¿½CIA, NUTRIï¿½ï¿½O E CURSOS RELACIONADOS;120921;559,88;123652;FARMï¿½CIA;NOTURNO;Bacharelado;4;160;64;0;0;108.221,82;8.632,80;8.632,80;9.150,78;8.769,48;9.207,96;9.295,68;13.109,64;13.234,50;14.027,28;14.160,90;-;-;83.160,60;100%;7.194,00;7.194,00;7.625,64;7.625,64;8.006,94;8.083,20;8.998,50;9.084,24;9.628,38;9.720,06;-;-
2021;1;ASSUPERO ENSINO SUPERIOR LTDA.;2415;06099229000101;UNIVERSIDADE PAULISTA;322;Universidade;SP;Sï¿½o Paulo;CIDADE UNIVERSITï¿½RIA;2642;Sï¿½o Paulo;SP;Sï¿½o Paulo;35061;3515;Metropolitana de Sï¿½o Paulo;CURSOS DA AREA DE SAUDE;ENFERMAGEM, FISIOTERAPIA, FARMï¿½CIA, NUTRIï¿½ï¿½O E CURSOS RELACIONADOS;120921;559,88;69859;NUTRIï¿½ï¿½O;NOTURNO;Bacharelado;4;115;46;69;0;36.608,09;5.627,93;4.242,63;3.946,50;4.276,51;4.628,63;4.628,63;4.628,63;4.628,63;-;-;-;-;28.312,20;250%;3.939,55;3.068,69;2.854,51;3.186,81;3.815,66;3.815,66;3.815,66;3.815,66;-;-;-;-
